station id,latitude,longitude,start station count,end station count,month
3183,40.7162469,-74.0334588,946.0,1065.0,2017-01
3184,40.7141454,-74.0335519,299.0,359.0,2017-01
3185,40.717732500000004,-74.04384499999999,427.0,478.0,2017-01
3186,40.71958611647166,-74.0431174635887,1638.0,2243.0,2017-01
3187,40.721123600000006,-74.03805095,332.0,362.0,2017-01
3188,40.710108700000006,-74.0858489,32.0,21.0,2017-01
3189,40.714402,-74.0887723,29.0,27.0,2017-01
3190,40.7104670233797,-74.07003879547119,45.0,38.0,2017-01
3191,40.71821129999999,-74.08363940000001,30.0,69.0,2017-01
3192,40.711242299999995,-74.0557013,192.0,204.0,2017-01
3193,40.7246050998869,-74.07840594649316,114.0,108.0,2017-01
3194,40.7253399253558,-74.06762212514876,324.0,240.0,2017-01
3195,40.730742625306576,-74.06378388404845,780.0,748.0,2017-01
3196,40.7443187,-74.04399090000001,56.0,42.0,2017-01
3197,40.752559000000005,-74.044725,58.0,45.0,2017-01
3198,40.748715945380226,-74.04044330120088,55.0,46.0,2017-01
3199,40.728744799999994,-74.03210820000001,219.0,241.0,2017-01
3200,40.711130499999996,-74.0788855,12.0,11.0,2017-01
3201,40.737711,-74.066921,63.0,82.0,2017-01
3202,40.7272235,-74.03375890000001,501.0,530.0,2017-01
3203,40.727595965999996,-74.044247311,872.0,738.0,2017-01
3205,40.71653978099194,-74.0496379137039,220.0,207.0,2017-01
3206,40.7311689,-74.0575736,114.0,89.0,2017-01
3207,40.7376037,-74.05247829999999,252.0,173.0,2017-01
3209,40.7241765,-74.05065640000001,340.0,291.0,2017-01
3210,40.742677141,-74.051788633,123.0,92.0,2017-01
3211,40.72152515,-74.046304543,381.0,352.0,2017-01
3212,40.734785818,-74.050443636,82.0,37.0,2017-01
3213,40.71848892,-74.047726625,383.0,330.0,2017-01
3214,40.712774200000005,-74.03648570000001,323.0,346.0,2017-01
3215,40.7467299,-74.0492509,100.0,80.0,2017-01
3216,40.6970299,-74.09693659999999,20.0,17.0,2017-01
3220,40.73496102000952,-74.05950307846071,94.0,85.0,2017-01
3225,40.7236589,-74.0641943,168.0,141.0,2017-01
3267,40.7124188237569,-74.03852552175522,605.0,514.0,2017-01
3268,40.71346382669195,-74.06285852193831,67.0,54.0,2017-01
3269,40.726011729646245,-74.0503889322281,310.0,298.0,2017-01
3270,40.72528910781132,-74.04557168483734,372.0,224.0,2017-01
3271,40.69263996618329,-74.08801227807997,12.0,16.0,2017-01
3272,40.723331586464354,-74.04595255851744,341.0,302.0,2017-01
3273,40.72165072487999,-74.04288411140442,205.0,278.0,2017-01
3274,40.70495751672861,-74.08593088388444,1.0,1.0,2017-01
3275,40.71835519823214,-74.03891444206238,248.0,252.0,2017-01
3276,40.71458403535893,-74.04281705617905,322.0,331.0,2017-01
3277,40.71435836870427,-74.06661093235016,30.0,24.0,2017-01
3278,40.72568548362901,-74.0487903356552,306.0,244.0,2017-01
3279,40.72163014263835,-74.04996782541275,346.0,291.0,2017-01
3280,40.71928220070703,-74.07126188278198,103.0,119.0,2017-01
3281,40.74590996631558,-74.05727148056029,34.0,30.0,2017-01
224,40.71146364,-74.00552427,0.0,1.0,2017-01
319,40.711065999999995,-74.009447,0.0,1.0,2017-01
2021,40.75929124,-73.98859651,0.0,7.0,2017-01
3217,40.698650544,-74.082079678,0.0,2.0,2017-01
3183,40.7162469,-74.0334588,953.0,992.0,2017-02
3184,40.7141454,-74.0335519,377.0,420.0,2017-02
3185,40.717732500000004,-74.04384499999999,495.0,609.0,2017-02
3186,40.71958611647166,-74.0431174635887,1634.0,2170.0,2017-02
3187,40.721123600000006,-74.03805095,434.0,465.0,2017-02
3188,40.710108700000006,-74.0858489,41.0,31.0,2017-02
3189,40.714402,-74.0887723,34.0,32.0,2017-02
3190,40.7104670233797,-74.07003879547119,46.0,47.0,2017-02
3191,40.71821129999999,-74.08363940000001,18.0,50.0,2017-02
3192,40.711242299999995,-74.0557013,276.0,286.0,2017-02
3193,40.7246050998869,-74.07840594649316,100.0,105.0,2017-02
3194,40.7253399253558,-74.06762212514876,289.0,239.0,2017-02
3195,40.730742625306576,-74.06378388404845,889.0,732.0,2017-02
3196,40.7443187,-74.04399090000001,58.0,52.0,2017-02
3197,40.752559000000005,-74.044725,56.0,49.0,2017-02
3198,40.748715945380226,-74.04044330120088,72.0,68.0,2017-02
3199,40.728744799999994,-74.03210820000001,329.0,352.0,2017-02
3200,40.711130499999996,-74.0788855,15.0,8.0,2017-02
3201,40.737711,-74.066921,67.0,104.0,2017-02
3202,40.7272235,-74.03375890000001,532.0,536.0,2017-02
3203,40.727595965999996,-74.044247311,819.0,757.0,2017-02
3205,40.71653978099194,-74.0496379137039,226.0,224.0,2017-02
3206,40.7311689,-74.0575736,96.0,64.0,2017-02
3207,40.7376037,-74.05247829999999,258.0,157.0,2017-02
3209,40.7241765,-74.05065640000001,389.0,348.0,2017-02
3210,40.742677141,-74.051788633,115.0,107.0,2017-02
3211,40.72152515,-74.046304543,504.0,466.0,2017-02
3212,40.734785818,-74.050443636,108.0,78.0,2017-02
3213,40.71848892,-74.047726625,466.0,382.0,2017-02
3214,40.712774200000005,-74.03648570000001,321.0,374.0,2017-02
3215,40.7467299,-74.0492509,115.0,110.0,2017-02
3216,40.6970299,-74.09693659999999,20.0,17.0,2017-02
3217,40.698650544,-74.082079678,3.0,3.0,2017-02
3220,40.73496102000952,-74.05950307846071,114.0,107.0,2017-02
3225,40.7236589,-74.0641943,152.0,136.0,2017-02
3267,40.7124188237569,-74.03852552175522,625.0,533.0,2017-02
3268,40.71346382669195,-74.06285852193831,87.0,85.0,2017-02
3269,40.726011729646245,-74.0503889322281,322.0,307.0,2017-02
3270,40.72528910781132,-74.04557168483734,393.0,293.0,2017-02
3271,40.69263996618329,-74.08801227807997,9.0,14.0,2017-02
3272,40.723331586464354,-74.04595255851744,405.0,344.0,2017-02
3273,40.72165072487999,-74.04288411140442,235.0,284.0,2017-02
3274,40.70495751672861,-74.08593088388444,1.0,3.0,2017-02
3275,40.71835519823214,-74.03891444206238,295.0,310.0,2017-02
3276,40.71458403535893,-74.04281705617905,393.0,425.0,2017-02
3277,40.71435836870427,-74.06661093235016,7.0,16.0,2017-02
3278,40.72568548362901,-74.0487903356552,299.0,243.0,2017-02
3279,40.72163014263835,-74.04996782541275,390.0,328.0,2017-02
3280,40.71928220070703,-74.07126188278198,100.0,118.0,2017-02
3281,40.74590996631558,-74.05727148056029,44.0,37.0,2017-02
152,40.71473993,-74.00910627,0.0,4.0,2017-02
297,40.734232,-73.986923,0.0,1.0,2017-02
2008,40.70569254,-74.01677685,0.0,1.0,2017-02
3426,40.70965083364061,-74.0686011314392,0.0,3.0,2017-02
3183,40.7162469,-74.0334588,920.0,949.0,2017-03
3184,40.7141454,-74.0335519,278.0,315.0,2017-03
3185,40.717732500000004,-74.04384499999999,391.0,448.0,2017-03
3186,40.71958611647166,-74.0431174635887,1603.0,1967.0,2017-03
3187,40.721123600000006,-74.03805095,371.0,400.0,2017-03
3188,40.710108700000006,-74.0858489,24.0,20.0,2017-03
3189,40.714402,-74.0887723,19.0,20.0,2017-03
3190,40.7104670233797,-74.07003879547119,55.0,62.0,2017-03
3191,40.71821129999999,-74.08363940000001,8.0,27.0,2017-03
3192,40.711242299999995,-74.0557013,230.0,254.0,2017-03
3193,40.7246050998869,-74.07840594649316,57.0,76.0,2017-03
3194,40.7253399253558,-74.06762212514876,257.0,190.0,2017-03
3195,40.730742625306576,-74.06378388404845,785.0,664.0,2017-03
3196,40.7443187,-74.04399090000001,37.0,29.0,2017-03
3197,40.752559000000005,-74.044725,57.0,55.0,2017-03
3198,40.748715945380226,-74.04044330120088,72.0,72.0,2017-03
3199,40.728744799999994,-74.03210820000001,240.0,262.0,2017-03
3200,40.711130499999996,-74.0788855,10.0,11.0,2017-03
3201,40.737711,-74.066921,49.0,59.0,2017-03
3202,40.7272235,-74.03375890000001,487.0,496.0,2017-03
3203,40.727595965999996,-74.044247311,768.0,686.0,2017-03
3205,40.71653978099194,-74.0496379137039,147.0,152.0,2017-03
3206,40.7311689,-74.0575736,88.0,65.0,2017-03
3207,40.7376037,-74.05247829999999,234.0,168.0,2017-03
3209,40.7241765,-74.05065640000001,342.0,324.0,2017-03
3210,40.742677141,-74.051788633,133.0,131.0,2017-03
3211,40.72152515,-74.046304543,384.0,356.0,2017-03
3212,40.734785818,-74.050443636,88.0,65.0,2017-03
3213,40.71848892,-74.047726625,374.0,298.0,2017-03
3214,40.712774200000005,-74.03648570000001,279.0,329.0,2017-03
3215,40.7467299,-74.0492509,79.0,77.0,2017-03
3216,40.6970299,-74.09693659999999,19.0,18.0,2017-03
3217,40.698650544,-74.082079678,4.0,8.0,2017-03
3220,40.73496102000952,-74.05950307846071,112.0,111.0,2017-03
3225,40.7236589,-74.0641943,141.0,136.0,2017-03
3267,40.7124188237569,-74.03852552175522,511.0,405.0,2017-03
3268,40.71346382669195,-74.06285852193831,79.0,91.0,2017-03
3269,40.726011729646245,-74.0503889322281,287.0,304.0,2017-03
3270,40.72528910781132,-74.04557168483734,305.0,221.0,2017-03
3271,40.69263996618329,-74.08801227807997,12.0,13.0,2017-03
3272,40.723331586464354,-74.04595255851744,342.0,285.0,2017-03
3273,40.72165072487999,-74.04288411140442,196.0,280.0,2017-03
3274,40.70495751672861,-74.08593088388444,3.0,1.0,2017-03
3275,40.71835519823214,-74.03891444206238,226.0,252.0,2017-03
3276,40.71458403535893,-74.04281705617905,333.0,354.0,2017-03
3277,40.71435836870427,-74.06661093235016,37.0,35.0,2017-03
3278,40.72568548362901,-74.0487903356552,284.0,281.0,2017-03
3279,40.72163014263835,-74.04996782541275,309.0,234.0,2017-03
3280,40.71928220070703,-74.07126188278198,91.0,91.0,2017-03
3281,40.74590996631558,-74.05727148056029,44.0,37.0,2017-03
152,40.71473993,-74.00910627,0.0,11.0,2017-03
267,40.75097711,-73.98765428,0.0,2.0,2017-03
3426,40.70965083364061,-74.0686011314392,0.0,3.0,2017-03
3442,0.0,0.0,0.0,1.0,2017-03
3183,40.7162469,-74.0334588,1451.0,1770.0,2017-04
3184,40.7141454,-74.0335519,588.0,584.0,2017-04
3185,40.717732500000004,-74.04384499999999,666.0,679.0,2017-04
3186,40.71958611647166,-74.0431174635887,2307.0,2908.0,2017-04
3187,40.721123600000006,-74.03805095,695.0,698.0,2017-04
3188,40.710108700000006,-74.0858489,49.0,50.0,2017-04
3189,40.714402,-74.0887723,25.0,36.0,2017-04
3190,40.7104670233797,-74.07003879547119,139.0,139.0,2017-04
3191,40.71821129999999,-74.08363940000001,40.0,68.0,2017-04
3192,40.711242299999995,-74.0557013,597.0,633.0,2017-04
3193,40.7246050998869,-74.07840594649316,216.0,268.0,2017-04
3194,40.7253399253558,-74.06762212514876,401.0,298.0,2017-04
3195,40.730742625306576,-74.06378388404845,1218.0,1006.0,2017-04
3196,40.7443187,-74.04399090000001,101.0,91.0,2017-04
3197,40.752559000000005,-74.044725,119.0,116.0,2017-04
3198,40.748715945380226,-74.04044330120088,127.0,138.0,2017-04
3199,40.728744799999994,-74.03210820000001,728.0,755.0,2017-04
3200,40.711130499999996,-74.0788855,23.0,21.0,2017-04
3201,40.737711,-74.066921,104.0,116.0,2017-04
3202,40.7272235,-74.03375890000001,961.0,970.0,2017-04
3203,40.727595965999996,-74.044247311,1270.0,1204.0,2017-04
3205,40.71653978099194,-74.0496379137039,484.0,518.0,2017-04
3206,40.7311689,-74.0575736,159.0,107.0,2017-04
3207,40.7376037,-74.05247829999999,384.0,290.0,2017-04
3209,40.7241765,-74.05065640000001,566.0,451.0,2017-04
3210,40.742677141,-74.051788633,200.0,190.0,2017-04
3211,40.72152515,-74.046304543,676.0,624.0,2017-04
3212,40.734785818,-74.050443636,156.0,120.0,2017-04
3213,40.71848892,-74.047726625,665.0,567.0,2017-04
3214,40.712774200000005,-74.03648570000001,587.0,576.0,2017-04
3215,40.7467299,-74.0492509,120.0,111.0,2017-04
3216,40.6970299,-74.09693659999999,23.0,25.0,2017-04
3217,40.698650544,-74.082079678,13.0,24.0,2017-04
3220,40.73496102000952,-74.05950307846071,175.0,166.0,2017-04
3225,40.7236589,-74.0641943,275.0,278.0,2017-04
3267,40.7124188237569,-74.03852552175522,880.0,745.0,2017-04
3268,40.71346382669195,-74.06285852193831,165.0,155.0,2017-04
3269,40.726011729646245,-74.0503889322281,378.0,377.0,2017-04
3270,40.72528910781132,-74.04557168483734,470.0,343.0,2017-04
3271,40.69263996618329,-74.08801227807997,22.0,21.0,2017-04
3272,40.723331586464354,-74.04595255851744,441.0,406.0,2017-04
3273,40.72165072487999,-74.04288411140442,372.0,358.0,2017-04
3274,40.70495751672861,-74.08593088388444,10.0,9.0,2017-04
3275,40.71835519823214,-74.03891444206238,510.0,503.0,2017-04
3276,40.71458403535893,-74.04281705617905,584.0,606.0,2017-04
3277,40.71435836870427,-74.06661093235016,55.0,51.0,2017-04
3278,40.72568548362901,-74.0487903356552,434.0,420.0,2017-04
3279,40.72163014263835,-74.04996782541275,343.0,345.0,2017-04
3280,40.71928220070703,-74.07126188278198,115.0,116.0,2017-04
3281,40.74590996631558,-74.05727148056029,99.0,99.0,2017-04
152,40.71473993,-74.00910627,0.0,11.0,2017-04
225,40.74195138,-74.00803013,0.0,1.0,2017-04
284,40.7390169121,-74.0026376103,0.0,2.0,2017-04
327,40.715337899999994,-74.01658354,0.0,5.0,2017-04
335,40.72903917,-73.99404649,0.0,1.0,2017-04
345,40.73649403,-73.99704374,0.0,1.0,2017-04
379,40.749156,-73.9916,0.0,1.0,2017-04
380,40.73401143,-74.00293877,0.0,1.0,2017-04
462,40.74691959,-74.00451887,0.0,1.0,2017-04
477,40.75640548,-73.9900262,0.0,1.0,2017-04
3175,40.77748046,-73.98288594,0.0,1.0,2017-04
3256,40.7277140777778,-74.01129573583603,0.0,1.0,2017-04
3307,40.7941654,-73.974124,0.0,1.0,2017-04
3426,40.70965083364061,-74.0686011314392,0.0,8.0,2017-04
3443,40.76132983124814,-73.97982001304626,0.0,1.0,2017-04
3183,40.7162469,-74.0334588,1644.0,2309.0,2017-05
3184,40.7141454,-74.0335519,727.0,709.0,2017-05
3185,40.717732500000004,-74.04384499999999,810.0,797.0,2017-05
3186,40.71958611647166,-74.0431174635887,3201.0,3869.0,2017-05
3187,40.721123600000006,-74.03805095,857.0,840.0,2017-05
3188,40.710108700000006,-74.0858489,46.0,39.0,2017-05
3189,40.714402,-74.0887723,29.0,22.0,2017-05
3190,40.7104670233797,-74.07003879547119,93.0,88.0,2017-05
3191,40.71821129999999,-74.08363940000001,49.0,86.0,2017-05
3192,40.711242299999995,-74.0557013,720.0,756.0,2017-05
3193,40.7246050998869,-74.07840594649316,240.0,294.0,2017-05
3194,40.7253399253558,-74.06762212514876,548.0,369.0,2017-05
3195,40.730742625306576,-74.06378388404845,1356.0,1301.0,2017-05
3196,40.7443187,-74.04399090000001,110.0,102.0,2017-05
3197,40.752559000000005,-74.044725,130.0,120.0,2017-05
3198,40.748715945380226,-74.04044330120088,173.0,156.0,2017-05
3199,40.728744799999994,-74.03210820000001,837.0,838.0,2017-05
3200,40.711130499999996,-74.0788855,29.0,35.0,2017-05
3201,40.737711,-74.066921,133.0,155.0,2017-05
3202,40.7272235,-74.03375890000001,1106.0,1153.0,2017-05
3203,40.727595965999996,-74.044247311,1352.0,1441.0,2017-05
3205,40.71653978099194,-74.0496379137039,511.0,509.0,2017-05
3206,40.7311689,-74.0575736,272.0,149.0,2017-05
3207,40.7376037,-74.05247829999999,420.0,330.0,2017-05
3209,40.7241765,-74.05065640000001,662.0,626.0,2017-05
3210,40.742677141,-74.051788633,232.0,217.0,2017-05
3211,40.72152515,-74.046304543,815.0,733.0,2017-05
3212,40.734785818,-74.050443636,194.0,144.0,2017-05
3213,40.71848892,-74.047726625,795.0,667.0,2017-05
3214,40.712774200000005,-74.03648570000001,760.0,752.0,2017-05
3215,40.7467299,-74.0492509,152.0,140.0,2017-05
3216,40.6970299,-74.09693659999999,24.0,27.0,2017-05
3217,40.698650544,-74.082079678,23.0,29.0,2017-05
3220,40.73496102000952,-74.05950307846071,228.0,197.0,2017-05
3225,40.7236589,-74.0641943,353.0,303.0,2017-05
3267,40.7124188237569,-74.03852552175522,1102.0,834.0,2017-05
3268,40.71346382669195,-74.06285852193831,206.0,215.0,2017-05
3269,40.726011729646245,-74.0503889322281,552.0,519.0,2017-05
3270,40.72528910781132,-74.04557168483734,641.0,486.0,2017-05
3271,40.69263996618329,-74.08801227807997,29.0,31.0,2017-05
3272,40.723331586464354,-74.04595255851744,627.0,488.0,2017-05
3273,40.72165072487999,-74.04288411140442,428.0,430.0,2017-05
3274,40.70495751672861,-74.08593088388444,8.0,6.0,2017-05
3275,40.71835519823214,-74.03891444206238,655.0,649.0,2017-05
3276,40.71458403535893,-74.04281705617905,805.0,783.0,2017-05
3277,40.71435836870427,-74.06661093235016,72.0,58.0,2017-05
3278,40.72568548362901,-74.0487903356552,478.0,435.0,2017-05
3279,40.72163014263835,-74.04996782541275,478.0,411.0,2017-05
3280,40.71928220070703,-74.07126188278198,138.0,136.0,2017-05
3281,40.74590996631558,-74.05727148056029,116.0,122.0,2017-05
152,40.71473993,-74.00910627,0.0,16.0,2017-05
195,40.70905623,-74.01043382,0.0,1.0,2017-05
253,40.73543934,-73.99453948,0.0,1.0,2017-05
315,40.70355377,-74.00670227,0.0,1.0,2017-05
327,40.715337899999994,-74.01658354,0.0,6.0,2017-05
335,40.72903917,-73.99404649,0.0,1.0,2017-05
366,40.693261,-73.968896,0.0,2.0,2017-05
383,40.735238,-74.000271,0.0,2.0,2017-05
439,40.726280700000004,-73.98978041,0.0,1.0,2017-05
459,40.746745000000004,-74.007756,0.0,1.0,2017-05
470,40.74345335,-74.00004031,0.0,1.0,2017-05
482,40.73935542,-73.99931783,0.0,1.0,2017-05
514,40.76087502,-74.00277668,0.0,2.0,2017-05
534,40.70255065,-74.0127234,0.0,3.0,2017-05
3002,40.711512,-74.01575600000001,0.0,3.0,2017-05
3233,40.75724567911726,-73.97805914282799,0.0,2.0,2017-05
3383,40.804213,-73.96699104,0.0,1.0,2017-05
3426,40.70965083364061,-74.0686011314392,0.0,15.0,2017-05
3443,40.76132983124814,-73.97982001304626,0.0,1.0,2017-05
3183,40.7162469,-74.0334588,2218.0,2960.0,2017-06
3184,40.7141454,-74.0335519,933.0,897.0,2017-06
3185,40.717732500000004,-74.04384499999999,961.0,974.0,2017-06
3186,40.71958611647166,-74.0431174635887,3808.0,4769.0,2017-06
3187,40.721123600000006,-74.03805095,1088.0,1111.0,2017-06
3188,40.710108700000006,-74.0858489,15.0,37.0,2017-06
3189,40.714402,-74.0887723,38.0,40.0,2017-06
3190,40.7104670233797,-74.07003879547119,123.0,124.0,2017-06
3191,40.71821129999999,-74.08363940000001,56.0,68.0,2017-06
3192,40.711242299999995,-74.0557013,808.0,868.0,2017-06
3193,40.7246050998869,-74.07840594649316,264.0,291.0,2017-06
3194,40.7253399253558,-74.06762212514876,653.0,438.0,2017-06
3195,40.730742625306576,-74.06378388404845,1605.0,1545.0,2017-06
3196,40.7443187,-74.04399090000001,201.0,170.0,2017-06
3197,40.752559000000005,-74.044725,194.0,179.0,2017-06
3198,40.748715945380226,-74.04044330120088,182.0,178.0,2017-06
3199,40.728744799999994,-74.03210820000001,1030.0,958.0,2017-06
3200,40.711130499999996,-74.0788855,22.0,16.0,2017-06
3201,40.737711,-74.066921,166.0,184.0,2017-06
3202,40.7272235,-74.03375890000001,1339.0,1563.0,2017-06
3203,40.727595965999996,-74.044247311,2099.0,1936.0,2017-06
3205,40.71653978099194,-74.0496379137039,622.0,647.0,2017-06
3206,40.7311689,-74.0575736,296.0,187.0,2017-06
3207,40.7376037,-74.05247829999999,509.0,406.0,2017-06
3209,40.7241765,-74.05065640000001,808.0,703.0,2017-06
3210,40.742677141,-74.051788633,287.0,269.0,2017-06
3211,40.72152515,-74.046304543,994.0,893.0,2017-06
3212,40.734785818,-74.050443636,249.0,180.0,2017-06
3213,40.71848892,-74.047726625,975.0,826.0,2017-06
3214,40.712774200000005,-74.03648570000001,987.0,967.0,2017-06
3215,40.7467299,-74.0492509,148.0,115.0,2017-06
3216,40.6970299,-74.09693659999999,28.0,32.0,2017-06
3217,40.698650544,-74.082079678,28.0,25.0,2017-06
3220,40.73496102000952,-74.05950307846071,239.0,193.0,2017-06
3225,40.7236589,-74.0641943,423.0,351.0,2017-06
3267,40.7124188237569,-74.03852552175522,1362.0,1080.0,2017-06
3268,40.71346382669195,-74.06285852193831,329.0,324.0,2017-06
3269,40.726011729646245,-74.0503889322281,654.0,607.0,2017-06
3270,40.72528910781132,-74.04557168483734,725.0,512.0,2017-06
3271,40.69263996618329,-74.08801227807997,35.0,53.0,2017-06
3272,40.723331586464354,-74.04595255851744,699.0,601.0,2017-06
3273,40.72165072487999,-74.04288411140442,519.0,513.0,2017-06
3274,40.70495751672861,-74.08593088388444,2.0,7.0,2017-06
3275,40.71835519823214,-74.03891444206238,901.0,864.0,2017-06
3276,40.71458403535893,-74.04281705617905,876.0,884.0,2017-06
3277,40.71435836870427,-74.06661093235016,93.0,77.0,2017-06
3278,40.72568548362901,-74.0487903356552,568.0,513.0,2017-06
3279,40.72163014263835,-74.04996782541275,533.0,514.0,2017-06
3280,40.71928220070703,-74.07126188278198,206.0,206.0,2017-06
3281,40.74590996631558,-74.05727148056029,161.0,153.0,2017-06
3426,40.70965083364061,-74.0686011314392,1.0,9.0,2017-06
152,40.71473993,-74.00910627,0.0,19.0,2017-06
161,40.72917025,-73.99810231,0.0,1.0,2017-06
212,40.74334935,-74.00681753,0.0,1.0,2017-06
315,40.70355377,-74.00670227,0.0,1.0,2017-06
327,40.715337899999994,-74.01658354,0.0,1.0,2017-06
386,40.71494807,-74.00234482,0.0,1.0,2017-06
426,40.71754834,-74.01322069,0.0,1.0,2017-06
432,40.72621788,-73.98379855,0.0,1.0,2017-06
447,40.76370739,-73.9851615,0.0,2.0,2017-06
514,40.76087502,-74.00277668,0.0,3.0,2017-06
525,40.75594159,-74.0021163,0.0,1.0,2017-06
3002,40.711512,-74.01575600000001,0.0,1.0,2017-06
3256,40.7277140777778,-74.01129573583603,0.0,7.0,2017-06
3328,40.795,-73.9645,0.0,1.0,2017-06
3428,40.740983,-74.00170200000001,0.0,1.0,2017-06
3436,40.721319,-74.010065,0.0,1.0,2017-06
3183,40.7162469,-74.0334588,2277.0,2569.0,2017-07
3184,40.7141454,-74.0335519,928.0,987.0,2017-07
3185,40.717732500000004,-74.04384499999999,931.0,963.0,2017-07
3186,40.71958611647166,-74.0431174635887,3701.0,4738.0,2017-07
3187,40.721123600000006,-74.03805095,1293.0,1282.0,2017-07
3188,40.710108700000006,-74.0858489,24.0,29.0,2017-07
3189,40.714402,-74.0887723,36.0,35.0,2017-07
3190,40.7104670233797,-74.07003879547119,139.0,146.0,2017-07
3191,40.71821129999999,-74.08363940000001,86.0,107.0,2017-07
3192,40.711242299999995,-74.0557013,861.0,935.0,2017-07
3193,40.7246050998869,-74.07840594649316,284.0,356.0,2017-07
3194,40.7253399253558,-74.06762212514876,691.0,512.0,2017-07
3195,40.730742625306576,-74.06378388404845,1761.0,1675.0,2017-07
3196,40.7443187,-74.04399090000001,205.0,178.0,2017-07
3197,40.752559000000005,-74.044725,206.0,199.0,2017-07
3198,40.748715945380226,-74.04044330120088,227.0,227.0,2017-07
3199,40.728744799999994,-74.03210820000001,1105.0,1066.0,2017-07
3200,40.711130499999996,-74.0788855,24.0,17.0,2017-07
3201,40.737711,-74.066921,142.0,162.0,2017-07
3202,40.7272235,-74.03375890000001,1405.0,1626.0,2017-07
3203,40.727595965999996,-74.044247311,2194.0,2012.0,2017-07
3205,40.71653978099194,-74.0496379137039,701.0,734.0,2017-07
3206,40.7311689,-74.0575736,327.0,213.0,2017-07
3207,40.7376037,-74.05247829999999,482.0,367.0,2017-07
3209,40.7241765,-74.05065640000001,821.0,734.0,2017-07
3210,40.742677141,-74.051788633,274.0,254.0,2017-07
3211,40.72152515,-74.046304543,1105.0,1052.0,2017-07
3212,40.734785818,-74.050443636,302.0,204.0,2017-07
3213,40.71848892,-74.047726625,1051.0,982.0,2017-07
3214,40.712774200000005,-74.03648570000001,934.0,970.0,2017-07
3215,40.7467299,-74.0492509,165.0,128.0,2017-07
3216,40.6970299,-74.09693659999999,35.0,25.0,2017-07
3217,40.698650544,-74.082079678,35.0,37.0,2017-07
3220,40.73496102000952,-74.05950307846071,267.0,207.0,2017-07
3225,40.7236589,-74.0641943,489.0,391.0,2017-07
3267,40.7124188237569,-74.03852552175522,1346.0,1200.0,2017-07
3268,40.71346382669195,-74.06285852193831,319.0,322.0,2017-07
3269,40.726011729646245,-74.0503889322281,689.0,588.0,2017-07
3270,40.72528910781132,-74.04557168483734,699.0,525.0,2017-07
3271,40.69263996618329,-74.08801227807997,40.0,48.0,2017-07
3272,40.723331586464354,-74.04595255851744,780.0,661.0,2017-07
3273,40.72165072487999,-74.04288411140442,622.0,585.0,2017-07
3274,40.70495751672861,-74.08593088388444,2.0,2.0,2017-07
3275,40.71835519823214,-74.03891444206238,952.0,935.0,2017-07
3276,40.71458403535893,-74.04281705617905,989.0,1056.0,2017-07
3277,40.71435836870427,-74.06661093235016,104.0,114.0,2017-07
3278,40.72568548362901,-74.0487903356552,553.0,489.0,2017-07
3279,40.72163014263835,-74.04996782541275,573.0,510.0,2017-07
3280,40.71928220070703,-74.07126188278198,219.0,214.0,2017-07
3281,40.74590996631558,-74.05727148056029,178.0,166.0,2017-07
152,40.71473993,-74.00910627,0.0,2.0,2017-07
212,40.74334935,-74.00681753,0.0,2.0,2017-07
259,40.70122128,-74.01234218,0.0,1.0,2017-07
276,40.71748752,-74.0104554,0.0,1.0,2017-07
309,40.7149787,-74.013012,0.0,1.0,2017-07
313,40.69610226,-73.96751037,0.0,1.0,2017-07
327,40.715337899999994,-74.01658354,0.0,4.0,2017-07
426,40.71754834,-74.01322069,0.0,2.0,2017-07
427,40.701907,-74.013942,0.0,1.0,2017-07
486,40.7462009,-73.98855723,0.0,1.0,2017-07
514,40.76087502,-74.00277668,0.0,3.0,2017-07
515,40.76009437,-73.99461843,0.0,1.0,2017-07
517,40.751581,-73.97791,0.0,1.0,2017-07
3002,40.711512,-74.01575600000001,0.0,2.0,2017-07
3173,40.777507027547976,-73.98888587951659,0.0,1.0,2017-07
3224,40.73997354103409,-74.00513872504234,0.0,1.0,2017-07
3236,40.75898481399634,-73.99379968643187,0.0,1.0,2017-07
3426,40.70965083364061,-74.0686011314392,0.0,5.0,2017-07
3428,40.740983,-74.00170200000001,0.0,1.0,2017-07
3461,40.71485150526252,-74.01122331619263,0.0,1.0,2017-07
3472,40.742753828659026,-74.00747358798982,0.0,2.0,2017-07
3474,40.7252556952547,-74.00412082672119,0.0,4.0,2017-07
3183,40.7162469,-74.0334588,2410.0,3270.0,2017-08
3184,40.7141454,-74.0335519,908.0,894.0,2017-08
3185,40.717732500000004,-74.04384499999999,882.0,935.0,2017-08
3186,40.71958611647166,-74.0431174635887,4104.0,5624.0,2017-08
3187,40.721123600000006,-74.03805095,1324.0,1277.0,2017-08
3188,40.710108700000006,-74.0858489,20.0,41.0,2017-08
3189,40.714402,-74.0887723,40.0,53.0,2017-08
3190,40.7104670233797,-74.07003879547119,165.0,166.0,2017-08
3191,40.71821129999999,-74.08363940000001,119.0,128.0,2017-08
3192,40.711242299999995,-74.0557013,982.0,973.0,2017-08
3193,40.7246050998869,-74.07840594649316,266.0,308.0,2017-08
3194,40.7253399253558,-74.06762212514876,770.0,501.0,2017-08
3195,40.730742625306576,-74.06378388404845,1665.0,1729.0,2017-08
3196,40.7443187,-74.04399090000001,265.0,205.0,2017-08
3198,40.748715945380226,-74.04044330120088,273.0,233.0,2017-08
3199,40.728744799999994,-74.03210820000001,1238.0,1163.0,2017-08
3200,40.711130499999996,-74.0788855,21.0,10.0,2017-08
3201,40.737711,-74.066921,176.0,179.0,2017-08
3202,40.7272235,-74.03375890000001,1440.0,1700.0,2017-08
3203,40.727595965999996,-74.044247311,2410.0,2075.0,2017-08
3205,40.71653978099194,-74.0496379137039,616.0,653.0,2017-08
3206,40.7311689,-74.0575736,335.0,196.0,2017-08
3207,40.7376037,-74.05247829999999,553.0,401.0,2017-08
3209,40.7241765,-74.05065640000001,881.0,775.0,2017-08
3210,40.742677141,-74.051788633,338.0,279.0,2017-08
3211,40.72152515,-74.046304543,1132.0,971.0,2017-08
3212,40.734785818,-74.050443636,321.0,207.0,2017-08
3213,40.71848892,-74.047726625,1053.0,889.0,2017-08
3214,40.712774200000005,-74.03648570000001,1080.0,1062.0,2017-08
3216,40.6970299,-74.09693659999999,39.0,31.0,2017-08
3217,40.698650544,-74.082079678,36.0,35.0,2017-08
3220,40.73496102000952,-74.05950307846071,275.0,186.0,2017-08
3225,40.7236589,-74.0641943,466.0,353.0,2017-08
3267,40.7124188237569,-74.03852552175522,1550.0,1221.0,2017-08
3268,40.71346382669195,-74.06285852193831,314.0,277.0,2017-08
3269,40.726011729646245,-74.0503889322281,705.0,651.0,2017-08
3270,40.72528910781132,-74.04557168483734,759.0,569.0,2017-08
3271,40.69263996618329,-74.08801227807997,34.0,44.0,2017-08
3272,40.723331586464354,-74.04595255851744,886.0,757.0,2017-08
3273,40.72165072487999,-74.04288411140442,594.0,562.0,2017-08
3274,40.70495751672861,-74.08593088388444,6.0,4.0,2017-08
3275,40.71835519823214,-74.03891444206238,970.0,842.0,2017-08
3276,40.71458403535893,-74.04281705617905,1019.0,1032.0,2017-08
3277,40.71435836870427,-74.06661093235016,138.0,151.0,2017-08
3278,40.72568548362901,-74.0487903356552,576.0,525.0,2017-08
3279,40.72163014263835,-74.04996782541275,642.0,529.0,2017-08
3280,40.71928220070703,-74.07126188278198,291.0,266.0,2017-08
3281,40.74590996631558,-74.05727148056029,253.0,230.0,2017-08
3481,40.71649,-74.04105,132.0,95.0,2017-08
79,40.71911552,-74.00666661,0.0,1.0,2017-08
128,40.72710258,-74.00297088,0.0,1.0,2017-08
217,40.70277159,-73.99383605,0.0,1.0,2017-08
238,40.7361967,-74.00859207,0.0,2.0,2017-08
304,40.70463334,-74.01361706,0.0,1.0,2017-08
327,40.715337899999994,-74.01658354,0.0,3.0,2017-08
358,40.73291553,-74.00711384,0.0,1.0,2017-08
363,40.70834698,-74.01713445,0.0,1.0,2017-08
417,40.71291224,-74.01020234,0.0,1.0,2017-08
423,40.76584941,-73.98690506,0.0,1.0,2017-08
426,40.71754834,-74.01322069,0.0,4.0,2017-08
444,40.742354299999995,-73.98915076,0.0,1.0,2017-08
466,40.74395411,-73.99144871,0.0,2.0,2017-08
3002,40.711512,-74.01575600000001,0.0,1.0,2017-08
3161,40.7801839724239,-73.97728532552719,0.0,1.0,2017-08
3197,40.71925170740989,-74.03423398733139,0.0,35.0,2017-08
3215,0.0,0.0,0.0,48.0,2017-08
3426,40.70965083364061,-74.0686011314392,0.0,19.0,2017-08
3436,40.721319,-74.010065,0.0,2.0,2017-08
3461,40.71485150526252,-74.01122331619263,0.0,1.0,2017-08
3480,0.0,0.0,0.0,88.0,2017-08
3183,40.7162469,-74.0334588,2146.0,2585.0,2017-09
3184,40.7141454,-74.0335519,921.0,866.0,2017-09
3185,40.717732500000004,-74.04384499999999,910.0,950.0,2017-09
3186,40.71958611647166,-74.0431174635887,4079.0,5005.0,2017-09
3187,40.721123600000006,-74.03805095,1008.0,911.0,2017-09
3188,40.710108700000006,-74.0858489,57.0,65.0,2017-09
3189,40.714402,-74.0887723,27.0,42.0,2017-09
3190,40.7104670233797,-74.07003879547119,123.0,115.0,2017-09
3191,40.71821129999999,-74.08363940000001,65.0,64.0,2017-09
3192,40.711242299999995,-74.0557013,770.0,769.0,2017-09
3193,40.7246050998869,-74.07840594649316,261.0,282.0,2017-09
3194,40.7253399253558,-74.06762212514876,645.0,516.0,2017-09
3195,40.730742625306576,-74.06378388404845,1672.0,1421.0,2017-09
3196,40.7443187,-74.04399090000001,278.0,241.0,2017-09
3198,40.748715945380226,-74.04044330120088,287.0,268.0,2017-09
3199,40.728744799999994,-74.03210820000001,951.0,846.0,2017-09
3200,40.711130499999996,-74.0788855,31.0,21.0,2017-09
3201,40.737711,-74.066921,163.0,150.0,2017-09
3202,40.7272235,-74.03375890000001,1487.0,1491.0,2017-09
3203,40.727595965999996,-74.044247311,2415.0,2044.0,2017-09
3205,40.71653978099194,-74.0496379137039,643.0,646.0,2017-09
3206,40.7311689,-74.0575736,293.0,220.0,2017-09
3207,40.7376037,-74.05247829999999,514.0,378.0,2017-09
3209,40.7241765,-74.05065640000001,882.0,786.0,2017-09
3210,40.742677141,-74.051788633,335.0,296.0,2017-09
3211,40.72152515,-74.046304543,1061.0,958.0,2017-09
3212,40.734785818,-74.050443636,287.0,150.0,2017-09
3213,40.71848892,-74.047726625,1079.0,947.0,2017-09
3214,40.712774200000005,-74.03648570000001,917.0,924.0,2017-09
3216,40.6970299,-74.09693659999999,20.0,22.0,2017-09
3217,40.698650544,-74.082079678,13.0,17.0,2017-09
3220,40.73496102000952,-74.05950307846071,234.0,173.0,2017-09
3225,40.7236589,-74.0641943,384.0,301.0,2017-09
3267,40.7124188237569,-74.03852552175522,1402.0,1154.0,2017-09
3268,40.71346382669195,-74.06285852193831,269.0,243.0,2017-09
3269,40.726011729646245,-74.0503889322281,732.0,725.0,2017-09
3270,40.72528910781132,-74.04557168483734,766.0,650.0,2017-09
3271,40.69263996618329,-74.08801227807997,21.0,31.0,2017-09
3272,40.723331586464354,-74.04595255851744,841.0,757.0,2017-09
3273,40.72165072487999,-74.04288411140442,607.0,596.0,2017-09
3274,40.70495751672861,-74.08593088388444,10.0,8.0,2017-09
3275,40.71835519823214,-74.03891444206238,779.0,713.0,2017-09
3276,40.71458403535893,-74.04281705617905,922.0,860.0,2017-09
3277,40.71435836870427,-74.06661093235016,135.0,127.0,2017-09
3278,40.72568548362901,-74.0487903356552,468.0,557.0,2017-09
3279,40.72163014263835,-74.04996782541275,536.0,461.0,2017-09
3280,40.71928220070703,-74.07126188278198,249.0,245.0,2017-09
3281,40.74590996631558,-74.05727148056029,199.0,168.0,2017-09
3481,40.71649,-74.04105,225.0,185.0,2017-09
128,40.72710258,-74.00297088,0.0,1.0,2017-09
152,40.71473993,-74.00910627,0.0,1.0,2017-09
267,40.75097711,-73.98765428,0.0,3.0,2017-09
295,40.71406667,-73.99293911,0.0,3.0,2017-09
309,40.7149787,-74.013012,0.0,2.0,2017-09
327,40.715337899999994,-74.01658354,0.0,1.0,2017-09
377,40.72243797,-74.00566443,0.0,1.0,2017-09
428,40.72467721,-73.98783413,0.0,1.0,2017-09
435,40.74173969,-73.99415556,0.0,1.0,2017-09
508,40.76341379,-73.99667444,0.0,1.0,2017-09
514,40.76087502,-74.00277668,0.0,2.0,2017-09
525,40.75594159,-74.0021163,0.0,2.0,2017-09
3002,40.711512,-74.01575600000001,0.0,3.0,2017-09
3167,40.779668090073116,-73.98093044757842,0.0,1.0,2017-09
3197,40.71925170740989,-74.03423398733139,0.0,525.0,2017-09
3215,0.0,0.0,0.0,192.0,2017-09
3426,40.70965083364061,-74.0686011314392,0.0,10.0,2017-09
3436,40.721319,-74.010065,0.0,1.0,2017-09
3461,40.71485150526252,-74.01122331619263,0.0,1.0,2017-09
3480,0.0,0.0,0.0,417.0,2017-09
3183,40.7162469,-74.0334588,2076.0,2581.0,2017-10
3184,40.7141454,-74.0335519,1001.0,1011.0,2017-10
3185,40.717732500000004,-74.04384499999999,944.0,972.0,2017-10
3186,40.71958611647166,-74.0431174635887,4440.0,5383.0,2017-10
3187,40.721123600000006,-74.03805095,866.0,836.0,2017-10
3188,40.710108700000006,-74.0858489,64.0,67.0,2017-10
3189,40.714402,-74.0887723,28.0,52.0,2017-10
3190,40.7104670233797,-74.07003879547119,103.0,112.0,2017-10
3191,40.71821129999999,-74.08363940000001,60.0,80.0,2017-10
3192,40.711242299999995,-74.0557013,637.0,709.0,2017-10
3193,40.7246050998869,-74.07840594649316,263.0,261.0,2017-10
3194,40.7253399253558,-74.06762212514876,620.0,527.0,2017-10
3195,40.730742625306576,-74.06378388404845,1705.0,1466.0,2017-10
3196,40.7443187,-74.04399090000001,232.0,198.0,2017-10
3198,40.748715945380226,-74.04044330120088,259.0,251.0,2017-10
3199,40.728744799999994,-74.03210820000001,878.0,895.0,2017-10
3200,40.711130499999996,-74.0788855,31.0,19.0,2017-10
3201,40.737711,-74.066921,161.0,200.0,2017-10
3202,40.7272235,-74.03375890000001,1487.0,1525.0,2017-10
3203,40.727595965999996,-74.044247311,2528.0,2310.0,2017-10
3205,40.71653978099194,-74.0496379137039,647.0,642.0,2017-10
3206,40.7311689,-74.0575736,288.0,222.0,2017-10
3207,40.7376037,-74.05247829999999,512.0,400.0,2017-10
3209,40.7241765,-74.05065640000001,843.0,782.0,2017-10
3210,40.742677141,-74.051788633,352.0,314.0,2017-10
3211,40.72152515,-74.046304543,960.0,876.0,2017-10
3212,40.734785818,-74.050443636,317.0,208.0,2017-10
3213,40.71848892,-74.047726625,1062.0,938.0,2017-10
3214,40.712774200000005,-74.03648570000001,897.0,901.0,2017-10
3216,40.6970299,-74.09693659999999,13.0,18.0,2017-10
3217,40.698650544,-74.082079678,14.0,17.0,2017-10
3220,40.73496102000952,-74.05950307846071,198.0,140.0,2017-10
3225,40.7236589,-74.0641943,394.0,350.0,2017-10
3267,40.7124188237569,-74.03852552175522,1384.0,1264.0,2017-10
3268,40.71346382669195,-74.06285852193831,265.0,256.0,2017-10
3269,40.726011729646245,-74.0503889322281,727.0,720.0,2017-10
3270,40.72528910781132,-74.04557168483734,774.0,655.0,2017-10
3271,40.69263996618329,-74.08801227807997,19.0,21.0,2017-10
3272,40.723331586464354,-74.04595255851744,900.0,813.0,2017-10
3273,40.72165072487999,-74.04288411140442,612.0,627.0,2017-10
3274,40.70495751672861,-74.08593088388444,12.0,18.0,2017-10
3275,40.71835519823214,-74.03891444206238,704.0,678.0,2017-10
3276,40.71458403535893,-74.04281705617905,828.0,782.0,2017-10
3277,40.71435836870427,-74.06661093235016,112.0,110.0,2017-10
3278,40.72568548362901,-74.0487903356552,542.0,593.0,2017-10
3279,40.72163014263835,-74.04996782541275,604.0,567.0,2017-10
3280,40.71928220070703,-74.07126188278198,264.0,280.0,2017-10
3281,40.74590996631558,-74.05727148056029,245.0,223.0,2017-10
3426,40.70965083364061,-74.0686011314392,6.0,10.0,2017-10
3481,40.71649,-74.04105,245.0,225.0,2017-10
3638,40.7242941,-74.0354826,584.0,579.0,2017-10
3639,40.71925170000001,-74.034234,899.0,853.0,2017-10
3640,40.733670000000004,-74.0625,313.0,287.0,2017-10
127,40.73172428,-74.00674436,0.0,1.0,2017-10
146,40.71625008,-74.0091059,0.0,1.0,2017-10
152,40.71473993,-74.00910627,0.0,2.0,2017-10
276,40.71748752,-74.0104554,0.0,1.0,2017-10
327,40.715337899999994,-74.01658354,0.0,1.0,2017-10
360,40.70717936,-74.00887308,0.0,1.0,2017-10
446,40.74487634,-73.99529885,0.0,1.0,2017-10
478,40.76030096,-73.99884222,0.0,2.0,2017-10
533,40.75299641,-73.98721619,0.0,1.0,2017-10
2008,40.70569254,-74.01677685,0.0,3.0,2017-10
3197,40.71925170740989,-74.03423398733139,0.0,39.0,2017-10
3215,0.0,0.0,0.0,8.0,2017-10
3436,40.721319,-74.010065,0.0,3.0,2017-10
3480,0.0,0.0,0.0,31.0,2017-10
3183,40.7162469,-74.0334588,1423.0,1721.0,2017-11
3184,40.7141454,-74.0335519,655.0,708.0,2017-11
3185,40.717732500000004,-74.04384499999999,588.0,585.0,2017-11
3186,40.71958611647166,-74.0431174635887,3121.0,3711.0,2017-11
3187,40.721123600000006,-74.03805095,588.0,632.0,2017-11
3188,40.710108700000006,-74.0858489,30.0,28.0,2017-11
3189,40.714402,-74.0887723,11.0,26.0,2017-11
3190,40.7104670233797,-74.07003879547119,48.0,67.0,2017-11
3191,40.71821129999999,-74.08363940000001,40.0,60.0,2017-11
3192,40.711242299999995,-74.0557013,339.0,383.0,2017-11
3193,40.7246050998869,-74.07840594649316,174.0,181.0,2017-11
3194,40.7253399253558,-74.06762212514876,417.0,351.0,2017-11
3195,40.730742625306576,-74.06378388404845,1272.0,1079.0,2017-11
3196,40.7443187,-74.04399090000001,119.0,92.0,2017-11
3198,40.748715945380226,-74.04044330120088,137.0,132.0,2017-11
3199,40.728744799999994,-74.03210820000001,616.0,636.0,2017-11
3200,40.711130499999996,-74.0788855,18.0,17.0,2017-11
3201,40.737711,-74.066921,95.0,135.0,2017-11
3202,40.7272235,-74.03375890000001,1069.0,1102.0,2017-11
3203,40.727595965999996,-74.044247311,1869.0,1492.0,2017-11
3205,40.71653978099194,-74.0496379137039,372.0,396.0,2017-11
3206,40.7311689,-74.0575736,159.0,116.0,2017-11
3207,40.7376037,-74.05247829999999,335.0,254.0,2017-11
3209,40.7241765,-74.05065640000001,521.0,471.0,2017-11
3210,40.742677141,-74.051788633,233.0,230.0,2017-11
3211,40.72152515,-74.046304543,594.0,583.0,2017-11
3212,40.734785818,-74.050443636,169.0,97.0,2017-11
3213,40.71848892,-74.047726625,666.0,628.0,2017-11
3214,40.712774200000005,-74.03648570000001,525.0,513.0,2017-11
3216,40.6970299,-74.09693659999999,9.0,12.0,2017-11
3217,40.698650544,-74.082079678,6.0,8.0,2017-11
3220,40.73496102000952,-74.05950307846071,110.0,69.0,2017-11
3225,40.7236589,-74.0641943,252.0,200.0,2017-11
3267,40.7124188237569,-74.03852552175522,843.0,818.0,2017-11
3268,40.71346382669195,-74.06285852193831,152.0,149.0,2017-11
3269,40.726011729646245,-74.0503889322281,544.0,565.0,2017-11
3270,40.72528910781132,-74.04557168483734,562.0,425.0,2017-11
3271,40.69263996618329,-74.08801227807997,3.0,4.0,2017-11
3272,40.723331586464354,-74.04595255851744,677.0,588.0,2017-11
3273,40.72165072487999,-74.04288411140442,386.0,408.0,2017-11
3274,40.70495751672861,-74.08593088388444,1.0,0.0,2017-11
3275,40.71835519823214,-74.03891444206238,469.0,501.0,2017-11
3276,40.71458403535893,-74.04281705617905,511.0,508.0,2017-11
3277,40.71435836870427,-74.06661093235016,77.0,74.0,2017-11
3278,40.72568548362901,-74.0487903356552,415.0,419.0,2017-11
3279,40.72163014263835,-74.04996782541275,368.0,434.0,2017-11
3280,40.71928220070703,-74.07126188278198,202.0,204.0,2017-11
3281,40.74590996631558,-74.05727148056029,158.0,158.0,2017-11
3481,40.71649,-74.04105,218.0,189.0,2017-11
3638,40.7242941,-74.0354826,470.0,492.0,2017-11
3639,40.71925170000001,-74.034234,735.0,736.0,2017-11
3640,40.733670000000004,-74.0625,211.0,175.0,2017-11
459,40.746745000000004,-74.007756,0.0,1.0,2017-11
3002,40.711512,-74.01575600000001,0.0,1.0,2017-11
3256,40.7277140777778,-74.01129573583603,0.0,8.0,2017-11
3331,40.8013434,-73.97114574390001,0.0,2.0,2017-11
3426,40.70965083364061,-74.0686011314392,0.0,8.0,2017-11
3183,40.7162469,-74.0334588,929.0,1141.0,2017-12
3184,40.7141454,-74.0335519,421.0,432.0,2017-12
3185,40.717732500000004,-74.04384499999999,417.0,458.0,2017-12
3186,40.71958611647166,-74.0431174635887,2220.0,2553.0,2017-12
3187,40.721123600000006,-74.03805095,350.0,396.0,2017-12
3188,40.710108700000006,-74.0858489,14.0,11.0,2017-12
3189,40.714402,-74.0887723,7.0,23.0,2017-12
3190,40.7104670233797,-74.07003879547119,30.0,49.0,2017-12
3191,40.71821129999999,-74.08363940000001,35.0,38.0,2017-12
3192,40.711242299999995,-74.0557013,211.0,222.0,2017-12
3193,40.7246050998869,-74.07840594649316,110.0,121.0,2017-12
3194,40.7253399253558,-74.06762212514876,283.0,261.0,2017-12
3195,40.730742625306576,-74.06378388404845,890.0,752.0,2017-12
3196,40.7443187,-74.04399090000001,72.0,47.0,2017-12
3198,40.748715945380226,-74.04044330120088,81.0,75.0,2017-12
3199,40.728744799999994,-74.03210820000001,439.0,448.0,2017-12
3200,40.711130499999996,-74.0788855,9.0,10.0,2017-12
3201,40.737711,-74.066921,62.0,75.0,2017-12
3202,40.7272235,-74.03375890000001,702.0,708.0,2017-12
3203,40.727595965999996,-74.044247311,1214.0,1019.0,2017-12
3205,40.71653978099194,-74.0496379137039,244.0,239.0,2017-12
3206,40.7311689,-74.0575736,114.0,94.0,2017-12
3207,40.7376037,-74.05247829999999,224.0,185.0,2017-12
3209,40.7241765,-74.05065640000001,327.0,328.0,2017-12
3210,40.742677141,-74.051788633,157.0,146.0,2017-12
3211,40.72152515,-74.046304543,425.0,438.0,2017-12
3212,40.734785818,-74.050443636,120.0,74.0,2017-12
3213,40.71848892,-74.047726625,466.0,427.0,2017-12
3214,40.712774200000005,-74.03648570000001,304.0,316.0,2017-12
3216,40.6970299,-74.09693659999999,6.0,8.0,2017-12
3217,40.698650544,-74.082079678,7.0,12.0,2017-12
3220,40.73496102000952,-74.05950307846071,79.0,57.0,2017-12
3225,40.7236589,-74.0641943,189.0,165.0,2017-12
3267,40.7124188237569,-74.03852552175522,641.0,601.0,2017-12
3268,40.71346382669195,-74.06285852193831,79.0,78.0,2017-12
3269,40.726011729646245,-74.0503889322281,364.0,343.0,2017-12
3270,40.72528910781132,-74.04557168483734,400.0,293.0,2017-12
3271,40.69263996618329,-74.08801227807997,2.0,3.0,2017-12
3272,40.723331586464354,-74.04595255851744,427.0,375.0,2017-12
3273,40.72165072487999,-74.04288411140442,298.0,316.0,2017-12
3274,40.70495751672861,-74.08593088388444,5.0,2.0,2017-12
3275,40.71835519823214,-74.03891444206238,300.0,316.0,2017-12
3276,40.71458403535893,-74.04281705617905,336.0,330.0,2017-12
3277,40.71435836870427,-74.06661093235016,48.0,52.0,2017-12
3278,40.72568548362901,-74.0487903356552,313.0,296.0,2017-12
3279,40.72163014263835,-74.04996782541275,273.0,286.0,2017-12
3280,40.71928220070703,-74.07126188278198,169.0,171.0,2017-12
3281,40.74590996631558,-74.05727148056029,112.0,100.0,2017-12
3481,40.71649,-74.04105,137.0,115.0,2017-12
3638,40.7242941,-74.0354826,252.0,291.0,2017-12
3639,40.71925170000001,-74.034234,442.0,456.0,2017-12
3640,40.733670000000004,-74.0625,142.0,143.0,2017-12
401,40.72019576,-73.98997825,0.0,1.0,2017-12
514,40.76087502,-74.00277668,0.0,1.0,2017-12
3002,40.711512,-74.01575600000001,0.0,1.0,2017-12
3183,40.7162469,-74.0334588,756.0,914.0,2018-01
3184,40.7141454,-74.0335519,341.0,400.0,2018-01
3185,40.717732500000004,-74.04384499999999,335.0,322.0,2018-01
3186,40.71958611647166,-74.0431174635887,1716.0,1916.0,2018-01
3187,40.721123600000006,-74.03805095,289.0,326.0,2018-01
3188,40.710108700000006,-74.0858489,13.0,12.0,2018-01
3189,40.714402,-74.0887723,7.0,26.0,2018-01
3190,40.7104670233797,-74.07003879547119,26.0,31.0,2018-01
3191,40.71821129999999,-74.08363940000001,40.0,44.0,2018-01
3192,40.711242299999995,-74.0557013,197.0,228.0,2018-01
3193,40.7246050998869,-74.07840594649316,89.0,123.0,2018-01
3194,40.7253399253558,-74.06762212514876,299.0,251.0,2018-01
3195,40.730742625306576,-74.06378388404845,796.0,664.0,2018-01
3196,40.7443187,-74.04399090000001,45.0,37.0,2018-01
3198,40.748715945380226,-74.04044330120088,55.0,50.0,2018-01
3199,40.728744799999994,-74.03210820000001,320.0,306.0,2018-01
3200,40.711130499999996,-74.0788855,7.0,4.0,2018-01
3201,40.737711,-74.066921,35.0,57.0,2018-01
3202,40.7272235,-74.03375890000001,569.0,559.0,2018-01
3203,40.727595965999996,-74.044247311,843.0,803.0,2018-01
3205,40.71653978099194,-74.0496379137039,207.0,219.0,2018-01
3206,40.7311689,-74.0575736,70.0,49.0,2018-01
3207,40.7376037,-74.05247829999999,224.0,188.0,2018-01
3209,40.7241765,-74.05065640000001,225.0,248.0,2018-01
3210,40.742677141,-74.051788633,94.0,90.0,2018-01
3211,40.72152515,-74.046304543,395.0,387.0,2018-01
3212,40.734785818,-74.050443636,81.0,37.0,2018-01
3213,40.71848892,-74.047726625,380.0,337.0,2018-01
3214,40.712774200000005,-74.03648570000001,258.0,239.0,2018-01
3216,40.6970299,-74.09693659999999,3.0,8.0,2018-01
3217,40.698650544,-74.082079678,4.0,3.0,2018-01
3220,40.73496102000952,-74.05950307846071,44.0,25.0,2018-01
3225,40.7236589,-74.0641943,182.0,169.0,2018-01
3267,40.7124188237569,-74.03852552175522,508.0,456.0,2018-01
3268,40.71346382669195,-74.06285852193831,26.0,39.0,2018-01
3269,40.726011729646245,-74.0503889322281,300.0,312.0,2018-01
3270,40.72528910781132,-74.04557168483734,328.0,236.0,2018-01
3271,40.69263996618329,-74.08801227807997,1.0,2.0,2018-01
3272,40.723331586464354,-74.04595255851744,318.0,265.0,2018-01
3273,40.72165072487999,-74.04288411140442,222.0,228.0,2018-01
3274,40.70495751672861,-74.08593088388444,2.0,1.0,2018-01
3275,40.71835519823214,-74.03891444206238,267.0,261.0,2018-01
3276,40.71458403535893,-74.04281705617905,273.0,310.0,2018-01
3277,40.71435836870427,-74.06661093235016,28.0,19.0,2018-01
3278,40.72568548362901,-74.0487903356552,299.0,277.0,2018-01
3279,40.72163014263835,-74.04996782541275,209.0,231.0,2018-01
3280,40.71928220070703,-74.07126188278198,149.0,158.0,2018-01
3281,40.74590996631558,-74.05727148056029,75.0,73.0,2018-01
3426,40.70965083364061,-74.0686011314392,1.0,4.0,2018-01
3481,40.71649,-74.04105,117.0,111.0,2018-01
3638,40.7242941,-74.0354826,185.0,205.0,2018-01
3639,40.71925170000001,-74.034234,281.0,278.0,2018-01
3640,40.733670000000004,-74.0625,143.0,136.0,2018-01
327,40.715337899999994,-74.01658354,0.0,1.0,2018-01
514,40.76087502,-74.00277668,0.0,1.0,2018-01
520,40.75992262,-73.97648516,0.0,1.0,2018-01
3183,40.7162469,-74.0334588,926.0,1069.0,2018-02
3184,40.7141454,-74.0335519,425.0,472.0,2018-02
3185,40.717732500000004,-74.04384499999999,401.0,408.0,2018-02
3186,40.71958611647166,-74.0431174635887,2074.0,2330.0,2018-02
3187,40.721123600000006,-74.03805095,335.0,387.0,2018-02
3188,40.710108700000006,-74.0858489,13.0,16.0,2018-02
3189,40.714402,-74.0887723,8.0,18.0,2018-02
3190,40.7104670233797,-74.07003879547119,41.0,40.0,2018-02
3191,40.71821129999999,-74.08363940000001,52.0,51.0,2018-02
3192,40.711242299999995,-74.0557013,164.0,189.0,2018-02
3193,40.7246050998869,-74.07840594649316,95.0,147.0,2018-02
3194,40.7253399253558,-74.06762212514876,323.0,291.0,2018-02
3195,40.730742625306576,-74.06378388404845,915.0,759.0,2018-02
3196,40.7443187,-74.04399090000001,56.0,47.0,2018-02
3198,40.748715945380226,-74.04044330120088,105.0,94.0,2018-02
3199,40.728744799999994,-74.03210820000001,389.0,409.0,2018-02
3200,40.711130499999996,-74.0788855,7.0,8.0,2018-02
3201,40.737711,-74.066921,37.0,59.0,2018-02
3202,40.7272235,-74.03375890000001,685.0,672.0,2018-02
3203,40.727595965999996,-74.044247311,957.0,959.0,2018-02
3205,40.71653978099194,-74.0496379137039,228.0,242.0,2018-02
3206,40.7311689,-74.0575736,94.0,66.0,2018-02
3207,40.7376037,-74.05247829999999,242.0,208.0,2018-02
3209,40.7241765,-74.05065640000001,331.0,317.0,2018-02
3210,40.742677141,-74.051788633,140.0,129.0,2018-02
3211,40.72152515,-74.046304543,438.0,437.0,2018-02
3212,40.734785818,-74.050443636,97.0,49.0,2018-02
3213,40.71848892,-74.047726625,420.0,386.0,2018-02
3214,40.712774200000005,-74.03648570000001,283.0,260.0,2018-02
3216,40.6970299,-74.09693659999999,6.0,7.0,2018-02
3217,40.698650544,-74.082079678,4.0,4.0,2018-02
3220,40.73496102000952,-74.05950307846071,69.0,43.0,2018-02
3225,40.7236589,-74.0641943,181.0,171.0,2018-02
3267,40.7124188237569,-74.03852552175522,607.0,552.0,2018-02
3268,40.71346382669195,-74.06285852193831,38.0,62.0,2018-02
3269,40.726011729646245,-74.0503889322281,411.0,382.0,2018-02
3270,40.72528910781132,-74.04557168483734,399.0,273.0,2018-02
3271,40.69263996618329,-74.08801227807997,7.0,3.0,2018-02
3272,40.723331586464354,-74.04595255851744,383.0,339.0,2018-02
3273,40.72165072487999,-74.04288411140442,265.0,296.0,2018-02
3274,40.70495751672861,-74.08593088388444,6.0,6.0,2018-02
3275,40.71835519823214,-74.03891444206238,301.0,307.0,2018-02
3276,40.71458403535893,-74.04281705617905,332.0,379.0,2018-02
3277,40.71435836870427,-74.06661093235016,28.0,22.0,2018-02
3278,40.72568548362901,-74.0487903356552,332.0,285.0,2018-02
3279,40.72163014263835,-74.04996782541275,299.0,284.0,2018-02
3280,40.71928220070703,-74.07126188278198,171.0,181.0,2018-02
3281,40.74590996631558,-74.05727148056029,83.0,75.0,2018-02
3426,40.70965083364061,-74.0686011314392,1.0,4.0,2018-02
3481,40.71649,-74.04105,131.0,126.0,2018-02
3638,40.7242941,-74.0354826,228.0,261.0,2018-02
3639,40.71925170000001,-74.034234,375.0,359.0,2018-02
3640,40.733670000000004,-74.0625,166.0,155.0,2018-02
303,40.72362738,-73.99949601,0.0,2.0,2018-02
309,40.7149787,-74.013012,0.0,1.0,2018-02
327,40.715337899999994,-74.01658354,0.0,4.0,2018-02
377,40.72243797,-74.00566443,0.0,1.0,2018-02
462,40.74691959,-74.00451887,0.0,1.0,2018-02
3183,40.7162469,-74.0334588,936.0,1128.0,2018-03
3184,40.7141454,-74.0335519,435.0,473.0,2018-03
3185,40.717732500000004,-74.04384499999999,434.0,511.0,2018-03
3186,40.71958611647166,-74.0431174635887,2239.0,2563.0,2018-03
3187,40.721123600000006,-74.03805095,459.0,478.0,2018-03
3188,40.710108700000006,-74.0858489,16.0,13.0,2018-03
3189,40.714402,-74.0887723,9.0,26.0,2018-03
3190,40.7104670233797,-74.07003879547119,37.0,42.0,2018-03
3191,40.71821129999999,-74.08363940000001,47.0,50.0,2018-03
3192,40.711242299999995,-74.0557013,241.0,241.0,2018-03
3193,40.7246050998869,-74.07840594649316,96.0,148.0,2018-03
3194,40.7253399253558,-74.06762212514876,356.0,284.0,2018-03
3195,40.730742625306576,-74.06378388404845,935.0,814.0,2018-03
3196,40.7443187,-74.04399090000001,80.0,68.0,2018-03
3198,40.748715945380226,-74.04044330120088,108.0,90.0,2018-03
3199,40.728744799999994,-74.03210820000001,433.0,452.0,2018-03
3200,40.711130499999996,-74.0788855,22.0,11.0,2018-03
3201,40.737711,-74.066921,51.0,80.0,2018-03
3202,40.7272235,-74.03375890000001,761.0,721.0,2018-03
3203,40.727595965999996,-74.044247311,1048.0,1074.0,2018-03
3205,40.71653978099194,-74.0496379137039,257.0,286.0,2018-03
3206,40.7311689,-74.0575736,141.0,99.0,2018-03
3207,40.7376037,-74.05247829999999,286.0,221.0,2018-03
3209,40.7241765,-74.05065640000001,360.0,339.0,2018-03
3210,40.742677141,-74.051788633,210.0,196.0,2018-03
3211,40.72152515,-74.046304543,493.0,520.0,2018-03
3212,40.734785818,-74.050443636,148.0,98.0,2018-03
3213,40.71848892,-74.047726625,557.0,480.0,2018-03
3214,40.712774200000005,-74.03648570000001,295.0,344.0,2018-03
3216,40.6970299,-74.09693659999999,2.0,5.0,2018-03
3217,40.698650544,-74.082079678,8.0,4.0,2018-03
3220,40.73496102000952,-74.05950307846071,65.0,41.0,2018-03
3225,40.7236589,-74.0641943,247.0,199.0,2018-03
3267,40.7124188237569,-74.03852552175522,682.0,590.0,2018-03
3268,40.71346382669195,-74.06285852193831,58.0,59.0,2018-03
3269,40.726011729646245,-74.0503889322281,500.0,421.0,2018-03
3270,40.72528910781132,-74.04557168483734,442.0,327.0,2018-03
3271,40.69263996618329,-74.08801227807997,5.0,4.0,2018-03
3272,40.723331586464354,-74.04595255851744,433.0,393.0,2018-03
3273,40.72165072487999,-74.04288411140442,338.0,405.0,2018-03
3274,40.70495751672861,-74.08593088388444,4.0,6.0,2018-03
3275,40.71835519823214,-74.03891444206238,345.0,349.0,2018-03
3276,40.71458403535893,-74.04281705617905,411.0,400.0,2018-03
3277,40.71435836870427,-74.06661093235016,27.0,28.0,2018-03
3278,40.72568548362901,-74.0487903356552,375.0,323.0,2018-03
3279,40.72163014263835,-74.04996782541275,313.0,320.0,2018-03
3280,40.71928220070703,-74.07126188278198,167.0,185.0,2018-03
3281,40.74590996631558,-74.05727148056029,115.0,109.0,2018-03
3481,40.71649,-74.04105,164.0,162.0,2018-03
3638,40.7242941,-74.0354826,262.0,271.0,2018-03
3639,40.71925170000001,-74.034234,446.0,439.0,2018-03
3640,40.733670000000004,-74.0625,210.0,204.0,2018-03
309,40.7149787,-74.013012,0.0,1.0,2018-03
537,40.74025878,-73.98409214,0.0,1.0,2018-03
3426,40.70965083364061,-74.0686011314392,0.0,11.0,2018-03
3541,40.813358,-73.956461,0.0,2.0,2018-03
3183,40.7162469,-74.0334588,1276.0,1484.0,2018-04
3184,40.7141454,-74.0335519,590.0,632.0,2018-04
3185,40.717732500000004,-74.04384499999999,592.0,635.0,2018-04
3186,40.71958611647166,-74.0431174635887,2876.0,3389.0,2018-04
3187,40.721123600000006,-74.03805095,613.0,624.0,2018-04
3188,40.710108700000006,-74.0858489,7.0,10.0,2018-04
3189,40.714402,-74.0887723,18.0,26.0,2018-04
3190,40.7104670233797,-74.07003879547119,51.0,58.0,2018-04
3191,40.71821129999999,-74.08363940000001,58.0,80.0,2018-04
3192,40.711242299999995,-74.0557013,553.0,549.0,2018-04
3193,40.7246050998869,-74.07840594649316,212.0,231.0,2018-04
3194,40.7253399253558,-74.06762212514876,433.0,354.0,2018-04
3195,40.730742625306576,-74.06378388404845,1235.0,1108.0,2018-04
3196,40.7443187,-74.04399090000001,131.0,102.0,2018-04
3198,40.748715945380226,-74.04044330120088,159.0,132.0,2018-04
3199,40.728744799999994,-74.03210820000001,712.0,754.0,2018-04
3200,40.711130499999996,-74.0788855,11.0,9.0,2018-04
3201,40.737711,-74.066921,63.0,115.0,2018-04
3202,40.7272235,-74.03375890000001,1116.0,1098.0,2018-04
3203,40.727595965999996,-74.044247311,1424.0,1438.0,2018-04
3205,40.71653978099194,-74.0496379137039,403.0,434.0,2018-04
3206,40.7311689,-74.0575736,223.0,146.0,2018-04
3207,40.7376037,-74.05247829999999,346.0,301.0,2018-04
3209,40.7241765,-74.05065640000001,522.0,493.0,2018-04
3210,40.742677141,-74.051788633,299.0,281.0,2018-04
3211,40.72152515,-74.046304543,709.0,693.0,2018-04
3212,40.734785818,-74.050443636,211.0,134.0,2018-04
3213,40.71848892,-74.047726625,675.0,610.0,2018-04
3214,40.712774200000005,-74.03648570000001,458.0,469.0,2018-04
3216,40.6970299,-74.09693659999999,3.0,2.0,2018-04
3217,40.698650544,-74.082079678,18.0,20.0,2018-04
3220,40.73496102000952,-74.05950307846071,103.0,75.0,2018-04
3225,40.7236589,-74.0641943,297.0,238.0,2018-04
3267,40.7124188237569,-74.03852552175522,813.0,716.0,2018-04
3268,40.71346382669195,-74.06285852193831,92.0,108.0,2018-04
3269,40.726011729646245,-74.0503889322281,519.0,476.0,2018-04
3270,40.72528910781132,-74.04557168483734,552.0,446.0,2018-04
3271,40.69263996618329,-74.08801227807997,6.0,7.0,2018-04
3272,40.723331586464354,-74.04595255851744,549.0,521.0,2018-04
3273,40.72165072487999,-74.04288411140442,459.0,489.0,2018-04
3274,40.70495751672861,-74.08593088388444,12.0,11.0,2018-04
3275,40.71835519823214,-74.03891444206238,420.0,407.0,2018-04
3276,40.71458403535893,-74.04281705617905,550.0,571.0,2018-04
3277,40.71435836870427,-74.06661093235016,75.0,71.0,2018-04
3278,40.72568548362901,-74.0487903356552,412.0,396.0,2018-04
3279,40.72163014263835,-74.04996782541275,437.0,424.0,2018-04
3280,40.71928220070703,-74.07126188278198,193.0,224.0,2018-04
3281,40.74590996631558,-74.05727148056029,173.0,172.0,2018-04
3426,40.70965083364061,-74.0686011314392,2.0,13.0,2018-04
3481,40.71649,-74.04105,221.0,192.0,2018-04
3483,40.71942,-74.05099,12.0,15.0,2018-04
3638,40.7242941,-74.0354826,424.0,449.0,2018-04
3639,40.71925170000001,-74.034234,700.0,699.0,2018-04
3640,40.733670000000004,-74.0625,312.0,261.0,2018-04
3677,40.72755146730012,-74.07106071710588,45.0,25.0,2018-04
3678,40.72572613742557,-74.07195925712584,97.0,62.0,2018-04
3679,40.72210378668603,-74.07145500183104,49.0,41.0,2018-04
3681,40.71517767732029,-74.03768330812454,113.0,107.0,2018-04
327,40.715337899999994,-74.01658354,0.0,1.0,2018-04
427,40.701907,-74.013942,0.0,1.0,2018-04
472,40.745712100000006,-73.98194829,0.0,1.0,2018-04
514,40.76087502,-74.00277668,0.0,2.0,2018-04
3002,40.711512,-74.01575600000001,0.0,1.0,2018-04
3415,40.6793307,-73.97519523,0.0,1.0,2018-04
3183,40.7162469,-74.0334588,1726.0,2432.0,2018-05
3184,40.7141454,-74.0335519,826.0,811.0,2018-05
3185,40.717732500000004,-74.04384499999999,949.0,962.0,2018-05
3186,40.71958611647166,-74.0431174635887,3621.0,4974.0,2018-05
3187,40.721123600000006,-74.03805095,929.0,878.0,2018-05
3191,40.71821129999999,-74.08363940000001,104.0,143.0,2018-05
3192,40.711242299999995,-74.0557013,799.0,809.0,2018-05
3193,40.7246050998869,-74.07840594649316,240.0,290.0,2018-05
3194,40.7253399253558,-74.06762212514876,485.0,374.0,2018-05
3195,40.730742625306576,-74.06378388404845,1827.0,1679.0,2018-05
3196,40.7443187,-74.04399090000001,238.0,176.0,2018-05
3198,40.748715945380226,-74.04044330120088,290.0,270.0,2018-05
3199,40.728744799999994,-74.03210820000001,1055.0,997.0,2018-05
3201,40.737711,-74.066921,119.0,136.0,2018-05
3202,40.7272235,-74.03375890000001,1511.0,1730.0,2018-05
3203,40.727595965999996,-74.044247311,1961.0,1849.0,2018-05
3205,40.71653978099194,-74.0496379137039,529.0,547.0,2018-05
3206,40.7311689,-74.0575736,332.0,232.0,2018-05
3207,40.7376037,-74.05247829999999,589.0,461.0,2018-05
3209,40.7241765,-74.05065640000001,751.0,644.0,2018-05
3210,40.742677141,-74.051788633,426.0,368.0,2018-05
3211,40.72152515,-74.046304543,934.0,887.0,2018-05
3212,40.734785818,-74.050443636,235.0,145.0,2018-05
3213,40.71848892,-74.047726625,923.0,795.0,2018-05
3214,40.712774200000005,-74.03648570000001,722.0,790.0,2018-05
3220,40.73496102000952,-74.05950307846071,216.0,192.0,2018-05
3225,40.7236589,-74.0641943,412.0,328.0,2018-05
3267,40.7124188237569,-74.03852552175522,1093.0,872.0,2018-05
3268,40.71346382669195,-74.06285852193831,195.0,198.0,2018-05
3269,40.726011729646245,-74.0503889322281,775.0,661.0,2018-05
3270,40.72528910781132,-74.04557168483734,798.0,626.0,2018-05
3272,40.723331586464354,-74.04595255851744,797.0,702.0,2018-05
3273,40.72165072487999,-74.04288411140442,605.0,581.0,2018-05
3275,40.71835519823214,-74.03891444206238,750.0,725.0,2018-05
3276,40.71458403535893,-74.04281705617905,938.0,862.0,2018-05
3277,40.71435836870427,-74.06661093235016,162.0,164.0,2018-05
3278,40.72568548362901,-74.0487903356552,530.0,492.0,2018-05
3279,40.72163014263835,-74.04996782541275,510.0,464.0,2018-05
3280,40.71928220070703,-74.07126188278198,249.0,250.0,2018-05
3281,40.74590996631558,-74.05727148056029,298.0,273.0,2018-05
3426,40.70965083364061,-74.0686011314392,21.0,43.0,2018-05
3481,40.71649,-74.04105,281.0,275.0,2018-05
3483,40.71942,-74.05099,220.0,191.0,2018-05
3638,40.7242941,-74.0354826,737.0,667.0,2018-05
3639,40.71925170000001,-74.034234,1124.0,1092.0,2018-05
3640,40.733670000000004,-74.0625,504.0,473.0,2018-05
3677,40.72755146730012,-74.07106071710588,127.0,83.0,2018-05
3678,40.72572613742557,-74.07195925712584,279.0,223.0,2018-05
3679,40.72210378668603,-74.07145500183104,294.0,255.0,2018-05
3681,40.71517767732029,-74.03768330812454,420.0,364.0,2018-05
212,40.74334935,-74.00681753,0.0,1.0,2018-05
304,40.70463334,-74.01361706,0.0,5.0,2018-05
319,40.711065999999995,-74.009447,0.0,1.0,2018-05
327,40.715337899999994,-74.01658354,0.0,3.0,2018-05
426,40.71754834,-74.01322069,0.0,1.0,2018-05
457,40.76695317,-73.98169333,0.0,3.0,2018-05
501,40.744219,-73.97121214,0.0,1.0,2018-05
514,40.76087502,-74.00277668,0.0,2.0,2018-05
525,40.75594159,-74.0021163,0.0,2.0,2018-05
3002,40.711512,-74.01575600000001,0.0,1.0,2018-05
3552,40.805973,-73.964928,0.0,1.0,2018-05
3183,40.7162469,-74.0334588,2067.0,2765.0,2018-06
3184,40.7141454,-74.0335519,1181.0,948.0,2018-06
3185,40.717732500000004,-74.04384499999999,1088.0,1153.0,2018-06
3186,40.71958611647166,-74.0431174635887,4375.0,5336.0,2018-06
3187,40.721123600000006,-74.03805095,1179.0,1133.0,2018-06
3191,40.71821129999999,-74.08363940000001,94.0,129.0,2018-06
3192,40.711242299999995,-74.0557013,854.0,896.0,2018-06
3193,40.7246050998869,-74.07840594649316,269.0,332.0,2018-06
3194,40.7253399253558,-74.06762212514876,556.0,441.0,2018-06
3195,40.730742625306576,-74.06378388404845,2083.0,1777.0,2018-06
3196,40.7443187,-74.04399090000001,264.0,235.0,2018-06
3198,40.748715945380226,-74.04044330120088,347.0,350.0,2018-06
3199,40.728744799999994,-74.03210820000001,1291.0,1264.0,2018-06
3201,40.737711,-74.066921,165.0,216.0,2018-06
3202,40.7272235,-74.03375890000001,1880.0,2184.0,2018-06
3203,40.727595965999996,-74.044247311,2397.0,2328.0,2018-06
3205,40.71653978099194,-74.0496379137039,611.0,682.0,2018-06
3206,40.7311689,-74.0575736,391.0,312.0,2018-06
3207,40.7376037,-74.05247829999999,575.0,489.0,2018-06
3209,40.7241765,-74.05065640000001,823.0,818.0,2018-06
3210,40.742677141,-74.051788633,506.0,470.0,2018-06
3211,40.72152515,-74.046304543,1118.0,1094.0,2018-06
3212,40.734785818,-74.050443636,255.0,139.0,2018-06
3213,40.71848892,-74.047726625,1070.0,918.0,2018-06
3214,40.712774200000005,-74.03648570000001,776.0,879.0,2018-06
3220,40.73496102000952,-74.05950307846071,256.0,221.0,2018-06
3225,40.7236589,-74.0641943,498.0,382.0,2018-06
3267,40.7124188237569,-74.03852552175522,1170.0,1028.0,2018-06
3268,40.71346382669195,-74.06285852193831,244.0,261.0,2018-06
3269,40.726011729646245,-74.0503889322281,903.0,779.0,2018-06
3270,40.72528910781132,-74.04557168483734,817.0,652.0,2018-06
3272,40.723331586464354,-74.04595255851744,834.0,755.0,2018-06
3273,40.72165072487999,-74.04288411140442,711.0,731.0,2018-06
3275,40.71835519823214,-74.03891444206238,878.0,892.0,2018-06
3276,40.71458403535893,-74.04281705617905,1295.0,1298.0,2018-06
3277,40.71435836870427,-74.06661093235016,217.0,237.0,2018-06
3278,40.72568548362901,-74.0487903356552,588.0,566.0,2018-06
3279,40.72163014263835,-74.04996782541275,641.0,549.0,2018-06
3280,40.71928220070703,-74.07126188278198,273.0,279.0,2018-06
3281,40.74590996631558,-74.05727148056029,345.0,317.0,2018-06
3426,40.70965083364061,-74.0686011314392,6.0,34.0,2018-06
3481,40.71649,-74.04105,356.0,340.0,2018-06
3483,40.71942,-74.05099,248.0,275.0,2018-06
3638,40.7242941,-74.0354826,842.0,771.0,2018-06
3639,40.71925170000001,-74.034234,1551.0,1454.0,2018-06
3640,40.733670000000004,-74.0625,611.0,567.0,2018-06
3677,40.72755146730012,-74.07106071710588,171.0,108.0,2018-06
3678,40.72572613742557,-74.07195925712584,353.0,304.0,2018-06
3679,40.72210378668603,-74.07145500183104,358.0,334.0,2018-06
3681,40.71517767732029,-74.03768330812454,556.0,485.0,2018-06
157,40.69089272,-73.99612349,0.0,7.0,2018-06
276,40.71748752,-74.0104554,0.0,1.0,2018-06
327,40.715337899999994,-74.01658354,0.0,6.0,2018-06
331,40.71173107,-73.99193043,0.0,1.0,2018-06
447,40.76370739,-73.9851615,0.0,4.0,2018-06
505,40.74901271,-73.98848395,0.0,1.0,2018-06
514,40.76087502,-74.00277668,0.0,2.0,2018-06
2006,40.76590936,-73.97634151,0.0,1.0,2018-06
3163,40.7734066,-73.97782542,0.0,2.0,2018-06
3256,40.7277140777778,-74.01129573583603,0.0,1.0,2018-06
3311,40.68763155,-74.0016256,0.0,1.0,2018-06
3467,40.72494672359416,-74.00165855884552,0.0,2.0,2018-06
3547,40.8143256,-73.9590255,0.0,1.0,2018-06
3183,40.7162469,-74.0334588,2180.0,2826.0,2018-07
3184,40.7141454,-74.0335519,1188.0,971.0,2018-07
3185,40.717732500000004,-74.04384499999999,1035.0,1132.0,2018-07
3186,40.71958611647166,-74.0431174635887,4355.0,5288.0,2018-07
3187,40.721123600000006,-74.03805095,1223.0,1185.0,2018-07
3191,40.71821129999999,-74.08363940000001,126.0,173.0,2018-07
3192,40.711242299999995,-74.0557013,1032.0,1108.0,2018-07
3193,40.7246050998869,-74.07840594649316,299.0,384.0,2018-07
3194,40.7253399253558,-74.06762212514876,568.0,426.0,2018-07
3195,40.730742625306576,-74.06378388404845,2063.0,1726.0,2018-07
3196,40.7443187,-74.04399090000001,296.0,245.0,2018-07
3198,40.748715945380226,-74.04044330120088,327.0,328.0,2018-07
3199,40.728744799999994,-74.03210820000001,1390.0,1352.0,2018-07
3201,40.737711,-74.066921,175.0,230.0,2018-07
3202,40.7272235,-74.03375890000001,2011.0,2265.0,2018-07
3203,40.727595965999996,-74.044247311,2398.0,2233.0,2018-07
3205,40.71653978099194,-74.0496379137039,613.0,635.0,2018-07
3206,40.7311689,-74.0575736,424.0,332.0,2018-07
3207,40.7376037,-74.05247829999999,628.0,498.0,2018-07
3209,40.7241765,-74.05065640000001,789.0,770.0,2018-07
3210,40.742677141,-74.051788633,472.0,462.0,2018-07
3211,40.72152515,-74.046304543,1099.0,1087.0,2018-07
3212,40.734785818,-74.050443636,270.0,180.0,2018-07
3213,40.71848892,-74.047726625,1090.0,952.0,2018-07
3214,40.712774200000005,-74.03648570000001,720.0,821.0,2018-07
3220,40.73496102000952,-74.05950307846071,255.0,246.0,2018-07
3225,40.7236589,-74.0641943,457.0,427.0,2018-07
3267,40.7124188237569,-74.03852552175522,1273.0,1171.0,2018-07
3268,40.71346382669195,-74.06285852193831,269.0,300.0,2018-07
3269,40.726011729646245,-74.0503889322281,966.0,890.0,2018-07
3270,40.72528910781132,-74.04557168483734,889.0,720.0,2018-07
3272,40.723331586464354,-74.04595255851744,972.0,906.0,2018-07
3273,40.72165072487999,-74.04288411140442,749.0,758.0,2018-07
3275,40.71835519823214,-74.03891444206238,888.0,863.0,2018-07
3276,40.71458403535893,-74.04281705617905,1358.0,1347.0,2018-07
3277,40.71435836870427,-74.06661093235016,242.0,248.0,2018-07
3278,40.72568548362901,-74.0487903356552,561.0,589.0,2018-07
3279,40.72163014263835,-74.04996782541275,657.0,589.0,2018-07
3280,40.71928220070703,-74.07126188278198,229.0,246.0,2018-07
3281,40.74590996631558,-74.05727148056029,345.0,325.0,2018-07
3481,40.71649,-74.04105,432.0,351.0,2018-07
3483,40.71942,-74.05099,388.0,374.0,2018-07
3638,40.7242941,-74.0354826,864.0,854.0,2018-07
3639,40.71925170000001,-74.034234,1494.0,1445.0,2018-07
3640,40.733670000000004,-74.0625,688.0,594.0,2018-07
3677,40.72755146730012,-74.07106071710588,183.0,140.0,2018-07
3678,40.72572613742557,-74.07195925712584,376.0,301.0,2018-07
3679,40.72210378668603,-74.07145500183104,344.0,286.0,2018-07
3681,40.71517767732029,-74.03768330812454,566.0,588.0,2018-07
3694,40.71113,-74.0789,52.0,48.0,2018-07
157,40.69089272,-73.99612349,0.0,1.0,2018-07
304,40.70463334,-74.01361706,0.0,1.0,2018-07
327,40.715337899999994,-74.01658354,0.0,2.0,2018-07
345,40.73649403,-73.99704374,0.0,1.0,2018-07
359,40.75510267,-73.97498696,0.0,1.0,2018-07
376,40.70862144,-74.00722156,0.0,1.0,2018-07
398,40.69165183,-73.99997859999999,0.0,5.0,2018-07
478,40.76030096,-73.99884222,0.0,2.0,2018-07
486,40.7462009,-73.98855723,0.0,2.0,2018-07
498,40.74854862,-73.98808416,0.0,1.0,2018-07
508,40.76341379,-73.99667444,0.0,1.0,2018-07
513,40.768254,-73.988639,0.0,1.0,2018-07
514,40.76087502,-74.00277668,0.0,2.0,2018-07
526,40.74765947,-73.98490707,0.0,1.0,2018-07
3256,40.7277140777778,-74.01129573583603,0.0,1.0,2018-07
3426,40.70965083364061,-74.0686011314392,0.0,28.0,2018-07
3461,40.71485150526252,-74.01122331619263,0.0,1.0,2018-07
3547,40.8143256,-73.9590255,0.0,1.0,2018-07
3183,40.7162469,-74.0334588,2574.0,3143.0,2018-08
3184,40.7141454,-74.0335519,1129.0,944.0,2018-08
3185,40.717732500000004,-74.04384499999999,1107.0,1149.0,2018-08
3186,40.71958611647166,-74.0431174635887,4806.0,6173.0,2018-08
3187,40.721123600000006,-74.03805095,1286.0,1184.0,2018-08
3191,40.71821129999999,-74.08363940000001,99.0,130.0,2018-08
3192,40.711242299999995,-74.0557013,910.0,975.0,2018-08
3193,40.7246050998869,-74.07840594649316,300.0,423.0,2018-08
3194,40.7253399253558,-74.06762212514876,593.0,435.0,2018-08
3195,40.730742625306576,-74.06378388404845,2147.0,1822.0,2018-08
3196,40.7443187,-74.04399090000001,268.0,221.0,2018-08
3198,40.748715945380226,-74.04044330120088,326.0,295.0,2018-08
3199,40.728744799999994,-74.03210820000001,1391.0,1373.0,2018-08
3201,40.737711,-74.066921,136.0,192.0,2018-08
3202,40.7272235,-74.03375890000001,2008.0,2345.0,2018-08
3203,40.727595965999996,-74.044247311,2636.0,2454.0,2018-08
3205,40.71653978099194,-74.0496379137039,531.0,606.0,2018-08
3206,40.7311689,-74.0575736,396.0,331.0,2018-08
3207,40.7376037,-74.05247829999999,662.0,469.0,2018-08
3209,40.7241765,-74.05065640000001,820.0,732.0,2018-08
3210,40.742677141,-74.051788633,513.0,510.0,2018-08
3211,40.72152515,-74.046304543,1123.0,1115.0,2018-08
3212,40.734785818,-74.050443636,345.0,239.0,2018-08
3213,40.71848892,-74.047726625,998.0,861.0,2018-08
3214,40.712774200000005,-74.03648570000001,796.0,927.0,2018-08
3220,40.73496102000952,-74.05950307846071,245.0,259.0,2018-08
3225,40.7236589,-74.0641943,524.0,459.0,2018-08
3267,40.7124188237569,-74.03852552175522,1230.0,1019.0,2018-08
3268,40.71346382669195,-74.06285852193831,272.0,290.0,2018-08
3269,40.726011729646245,-74.0503889322281,1020.0,861.0,2018-08
3270,40.72528910781132,-74.04557168483734,961.0,781.0,2018-08
3272,40.723331586464354,-74.04595255851744,977.0,928.0,2018-08
3273,40.72165072487999,-74.04288411140442,811.0,814.0,2018-08
3275,40.71835519823214,-74.03891444206238,949.0,933.0,2018-08
3276,40.71458403535893,-74.04281705617905,1489.0,1436.0,2018-08
3277,40.71435836870427,-74.06661093235016,177.0,203.0,2018-08
3278,40.72568548362901,-74.0487903356552,616.0,669.0,2018-08
3279,40.72163014263835,-74.04996782541275,676.0,616.0,2018-08
3280,40.71928220070703,-74.07126188278198,321.0,312.0,2018-08
3281,40.74590996631558,-74.05727148056029,347.0,337.0,2018-08
3426,40.70965083364061,-74.0686011314392,1.0,22.0,2018-08
3481,40.71649,-74.04105,402.0,355.0,2018-08
3483,40.71942,-74.05099,408.0,387.0,2018-08
3638,40.7242941,-74.0354826,1028.0,1029.0,2018-08
3639,40.71925170000001,-74.034234,1657.0,1497.0,2018-08
3640,40.733670000000004,-74.0625,793.0,698.0,2018-08
3677,40.72755146730012,-74.07106071710588,162.0,127.0,2018-08
3678,40.72572613742557,-74.07195925712584,375.0,311.0,2018-08
3679,40.72210378668603,-74.07145500183104,367.0,338.0,2018-08
3681,40.71517767732029,-74.03768330812454,658.0,617.0,2018-08
3694,40.71113,-74.0789,66.0,67.0,2018-08
127,40.73172428,-74.00674436,0.0,1.0,2018-08
146,40.71625008,-74.0091059,0.0,1.0,2018-08
157,40.69089272,-73.99612349,0.0,1.0,2018-08
167,40.7489006,-73.97604882,0.0,1.0,2018-08
264,40.70706456,-74.00731853,0.0,1.0,2018-08
306,40.70823502,-74.00530063,0.0,1.0,2018-08
327,40.715337899999994,-74.01658354,0.0,4.0,2018-08
353,40.68539567,-73.97431458,0.0,1.0,2018-08
398,40.69165183,-73.99997859999999,0.0,1.0,2018-08
417,40.71291224,-74.01020234,0.0,1.0,2018-08
422,40.770513,-73.988038,0.0,1.0,2018-08
453,40.74475148,-73.99915362,0.0,1.0,2018-08
505,40.74901271,-73.98848395,0.0,1.0,2018-08
514,40.76087502,-74.00277668,0.0,1.0,2018-08
3356,40.7746671,-73.98470567,0.0,1.0,2018-08
3539,40.8067581,-73.9607082,0.0,1.0,2018-08
3183,40.7162469,-74.0334588,2151.0,2751.0,2018-09
3184,40.7141454,-74.0335519,902.0,845.0,2018-09
3185,40.717732500000004,-74.04384499999999,871.0,935.0,2018-09
3186,40.71958611647166,-74.0431174635887,4369.0,5503.0,2018-09
3187,40.721123600000006,-74.03805095,1046.0,1014.0,2018-09
3191,40.71821129999999,-74.08363940000001,128.0,169.0,2018-09
3192,40.711242299999995,-74.0557013,804.0,836.0,2018-09
3193,40.7246050998869,-74.07840594649316,311.0,353.0,2018-09
3194,40.7253399253558,-74.06762212514876,586.0,428.0,2018-09
3195,40.730742625306576,-74.06378388404845,1815.0,1696.0,2018-09
3196,40.7443187,-74.04399090000001,276.0,248.0,2018-09
3198,40.748715945380226,-74.04044330120088,305.0,280.0,2018-09
3199,40.728744799999994,-74.03210820000001,1123.0,1113.0,2018-09
3201,40.737711,-74.066921,138.0,147.0,2018-09
3202,40.7272235,-74.03375890000001,1563.0,1652.0,2018-09
3203,40.727595965999996,-74.044247311,2235.0,2134.0,2018-09
3205,40.71653978099194,-74.0496379137039,539.0,595.0,2018-09
3206,40.7311689,-74.0575736,366.0,324.0,2018-09
3207,40.7376037,-74.05247829999999,585.0,441.0,2018-09
3209,40.7241765,-74.05065640000001,815.0,760.0,2018-09
3210,40.742677141,-74.051788633,509.0,491.0,2018-09
3211,40.72152515,-74.046304543,1056.0,1041.0,2018-09
3212,40.734785818,-74.050443636,303.0,245.0,2018-09
3213,40.71848892,-74.047726625,951.0,828.0,2018-09
3214,40.712774200000005,-74.03648570000001,740.0,785.0,2018-09
3220,40.73496102000952,-74.05950307846071,271.0,248.0,2018-09
3225,40.7236589,-74.0641943,432.0,360.0,2018-09
3267,40.7124188237569,-74.03852552175522,1030.0,888.0,2018-09
3268,40.71346382669195,-74.06285852193831,261.0,275.0,2018-09
3269,40.726011729646245,-74.0503889322281,797.0,711.0,2018-09
3270,40.72528910781132,-74.04557168483734,819.0,650.0,2018-09
3272,40.723331586464354,-74.04595255851744,812.0,767.0,2018-09
3273,40.72165072487999,-74.04288411140442,725.0,718.0,2018-09
3275,40.71835519823214,-74.03891444206238,692.0,712.0,2018-09
3276,40.71458403535893,-74.04281705617905,1324.0,1211.0,2018-09
3277,40.71435836870427,-74.06661093235016,133.0,156.0,2018-09
3278,40.72568548362901,-74.0487903356552,553.0,584.0,2018-09
3279,40.72163014263835,-74.04996782541275,597.0,511.0,2018-09
3280,40.71928220070703,-74.07126188278198,307.0,299.0,2018-09
3281,40.74590996631558,-74.05727148056029,257.0,240.0,2018-09
3426,40.70965083364061,-74.0686011314392,2.0,16.0,2018-09
3481,40.71649,-74.04105,407.0,370.0,2018-09
3483,40.71942,-74.05099,404.0,335.0,2018-09
3638,40.7242941,-74.0354826,967.0,984.0,2018-09
3639,40.71925170000001,-74.034234,1465.0,1379.0,2018-09
3640,40.733670000000004,-74.0625,688.0,601.0,2018-09
3677,40.72755146730012,-74.07106071710588,149.0,114.0,2018-09
3678,40.72572613742557,-74.07195925712584,351.0,262.0,2018-09
3679,40.72210378668603,-74.07145500183104,320.0,287.0,2018-09
3681,40.71517767732029,-74.03768330812454,687.0,634.0,2018-09
3694,40.71113,-74.0789,85.0,65.0,2018-09
146,40.71625008,-74.0091059,0.0,2.0,2018-09
264,40.70706456,-74.00731853,0.0,1.0,2018-09
304,40.70463334,-74.01361706,0.0,1.0,2018-09
309,40.7149787,-74.013012,0.0,1.0,2018-09
327,40.715337899999994,-74.01658354,0.0,9.0,2018-09
336,40.73047747,-73.99906065,0.0,1.0,2018-09
380,40.73401143,-74.00293877,0.0,1.0,2018-09
426,40.71754834,-74.01322069,0.0,1.0,2018-09
427,40.701907,-74.013942,0.0,1.0,2018-09
486,40.7462009,-73.98855723,0.0,1.0,2018-09
508,40.76341379,-73.99667444,0.0,2.0,2018-09
514,40.76087502,-74.00277668,0.0,3.0,2018-09
534,40.70255065,-74.0127234,0.0,3.0,2018-09
2023,40.75968085,-73.97031366,0.0,1.0,2018-09
3400,40.796153499999996,-73.94782145,0.0,1.0,2018-09
3461,40.71485150526252,-74.01122331619263,0.0,1.0,2018-09
3547,40.8143256,-73.9590255,0.0,1.0,2018-09
3183,40.7162469,-74.0334588,2221.0,2921.0,2018-10
3184,40.7141454,-74.0335519,830.0,828.0,2018-10
3185,40.717732500000004,-74.04384499999999,932.0,956.0,2018-10
3186,40.71958611647166,-74.0431174635887,4752.0,6156.0,2018-10
3187,40.721123600000006,-74.03805095,941.0,962.0,2018-10
3191,40.71821129999999,-74.08363940000001,128.0,170.0,2018-10
3192,40.711242299999995,-74.0557013,795.0,804.0,2018-10
3193,40.7246050998869,-74.07840594649316,325.0,365.0,2018-10
3194,40.7253399253558,-74.06762212514876,694.0,481.0,2018-10
3195,40.730742625306576,-74.06378388404845,1809.0,1790.0,2018-10
3196,40.7443187,-74.04399090000001,228.0,187.0,2018-10
3198,40.748715945380226,-74.04044330120088,245.0,256.0,2018-10
3199,40.728744799999994,-74.03210820000001,992.0,1000.0,2018-10
3201,40.737711,-74.066921,148.0,192.0,2018-10
3202,40.7272235,-74.03375890000001,1358.0,1291.0,2018-10
3203,40.727595965999996,-74.044247311,2283.0,2092.0,2018-10
3205,40.71653978099194,-74.0496379137039,500.0,475.0,2018-10
3206,40.7311689,-74.0575736,315.0,255.0,2018-10
3207,40.7376037,-74.05247829999999,564.0,386.0,2018-10
3209,40.7241765,-74.05065640000001,884.0,800.0,2018-10
3210,40.742677141,-74.051788633,563.0,523.0,2018-10
3211,40.72152515,-74.046304543,947.0,1000.0,2018-10
3212,40.734785818,-74.050443636,256.0,178.0,2018-10
3213,40.71848892,-74.047726625,977.0,811.0,2018-10
3214,40.712774200000005,-74.03648570000001,699.0,798.0,2018-10
3220,40.73496102000952,-74.05950307846071,254.0,210.0,2018-10
3225,40.7236589,-74.0641943,322.0,270.0,2018-10
3267,40.7124188237569,-74.03852552175522,1042.0,745.0,2018-10
3268,40.71346382669195,-74.06285852193831,233.0,240.0,2018-10
3269,40.726011729646245,-74.0503889322281,884.0,773.0,2018-10
3270,40.72528910781132,-74.04557168483734,921.0,707.0,2018-10
3272,40.723331586464354,-74.04595255851744,832.0,745.0,2018-10
3273,40.72165072487999,-74.04288411140442,836.0,852.0,2018-10
3275,40.71835519823214,-74.03891444206238,763.0,754.0,2018-10
3276,40.71458403535893,-74.04281705617905,1158.0,1147.0,2018-10
3277,40.71435836870427,-74.06661093235016,144.0,154.0,2018-10
3278,40.72568548362901,-74.0487903356552,690.0,664.0,2018-10
3279,40.72163014263835,-74.04996782541275,572.0,512.0,2018-10
3280,40.71928220070703,-74.07126188278198,356.0,325.0,2018-10
3281,40.74590996631558,-74.05727148056029,299.0,247.0,2018-10
3426,40.70965083364061,-74.0686011314392,2.0,18.0,2018-10
3481,40.71649,-74.04105,386.0,365.0,2018-10
3483,40.71942,-74.05099,395.0,337.0,2018-10
3638,40.7242941,-74.0354826,947.0,957.0,2018-10
3639,40.71925170000001,-74.034234,1461.0,1415.0,2018-10
3640,40.733670000000004,-74.0625,768.0,747.0,2018-10
3677,40.72755146730012,-74.07106071710588,156.0,109.0,2018-10
3678,40.72572613742557,-74.07195925712584,300.0,181.0,2018-10
3679,40.72210378668603,-74.07145500183104,333.0,284.0,2018-10
3681,40.71517767732029,-74.03768330812454,608.0,598.0,2018-10
3694,40.71113,-74.0789,90.0,83.0,2018-10
259,40.70122128,-74.01234218,0.0,1.0,2018-10
304,40.70463334,-74.01361706,0.0,2.0,2018-10
327,40.715337899999994,-74.01658354,0.0,15.0,2018-10
448,40.75660359,-73.9979009,0.0,1.0,2018-10
508,40.76341379,-73.99667444,0.0,1.0,2018-10
3165,40.77579376683666,-73.97620573639871,0.0,2.0,2018-10
3183,40.7162469,-74.0334588,1253.0,1546.0,2018-11
3184,40.7141454,-74.0335519,516.0,524.0,2018-11
3185,40.717732500000004,-74.04384499999999,604.0,732.0,2018-11
3186,40.71958611647166,-74.0431174635887,3213.0,3808.0,2018-11
3187,40.721123600000006,-74.03805095,545.0,600.0,2018-11
3191,40.71821129999999,-74.08363940000001,83.0,91.0,2018-11
3192,40.711242299999995,-74.0557013,410.0,391.0,2018-11
3193,40.7246050998869,-74.07840594649316,193.0,247.0,2018-11
3194,40.7253399253558,-74.06762212514876,379.0,286.0,2018-11
3195,40.730742625306576,-74.06378388404845,1360.0,1336.0,2018-11
3196,40.7443187,-74.04399090000001,111.0,93.0,2018-11
3198,40.748715945380226,-74.04044330120088,167.0,160.0,2018-11
3199,40.728744799999994,-74.03210820000001,558.0,562.0,2018-11
3201,40.737711,-74.066921,55.0,111.0,2018-11
3202,40.7272235,-74.03375890000001,1010.0,1037.0,2018-11
3203,40.727595965999996,-74.044247311,1500.0,1272.0,2018-11
3205,40.71653978099194,-74.0496379137039,323.0,333.0,2018-11
3206,40.7311689,-74.0575736,183.0,147.0,2018-11
3207,40.7376037,-74.05247829999999,368.0,208.0,2018-11
3209,40.7241765,-74.05065640000001,583.0,491.0,2018-11
3210,40.742677141,-74.051788633,356.0,311.0,2018-11
3211,40.72152515,-74.046304543,634.0,716.0,2018-11
3212,40.734785818,-74.050443636,117.0,100.0,2018-11
3213,40.71848892,-74.047726625,624.0,557.0,2018-11
3214,40.712774200000005,-74.03648570000001,374.0,464.0,2018-11
3220,40.73496102000952,-74.05950307846071,132.0,98.0,2018-11
3225,40.7236589,-74.0641943,258.0,226.0,2018-11
3267,40.7124188237569,-74.03852552175522,601.0,485.0,2018-11
3268,40.71346382669195,-74.06285852193831,114.0,107.0,2018-11
3269,40.726011729646245,-74.0503889322281,629.0,596.0,2018-11
3270,40.72528910781132,-74.04557168483734,596.0,451.0,2018-11
3272,40.723331586464354,-74.04595255851744,602.0,541.0,2018-11
3273,40.72165072487999,-74.04288411140442,476.0,556.0,2018-11
3275,40.71835519823214,-74.03891444206238,496.0,495.0,2018-11
3276,40.71458403535893,-74.04281705617905,702.0,667.0,2018-11
3277,40.71435836870427,-74.06661093235016,94.0,89.0,2018-11
3278,40.72568548362901,-74.0487903356552,503.0,485.0,2018-11
3279,40.72163014263835,-74.04996782541275,448.0,392.0,2018-11
3280,40.71928220070703,-74.07126188278198,259.0,264.0,2018-11
3281,40.74590996631558,-74.05727148056029,190.0,148.0,2018-11
3426,40.70965083364061,-74.0686011314392,13.0,21.0,2018-11
3481,40.71649,-74.04105,202.0,201.0,2018-11
3483,40.71942,-74.05099,286.0,270.0,2018-11
3638,40.7242941,-74.0354826,477.0,519.0,2018-11
3639,40.71925170000001,-74.034234,863.0,882.0,2018-11
3640,40.733670000000004,-74.0625,513.0,483.0,2018-11
3677,40.72755146730012,-74.07106071710588,97.0,74.0,2018-11
3678,40.72572613742557,-74.07195925712584,224.0,155.0,2018-11
3679,40.72210378668603,-74.07145500183104,206.0,157.0,2018-11
3681,40.71517767732029,-74.03768330812454,359.0,388.0,2018-11
3694,40.71113,-74.0789,51.0,36.0,2018-11
327,40.715337899999994,-74.01658354,0.0,1.0,2018-11
3183,40.7162469,-74.0334588,904.0,1126.0,2018-12
3184,40.7141454,-74.0335519,355.0,378.0,2018-12
3185,40.717732500000004,-74.04384499999999,481.0,574.0,2018-12
3186,40.71958611647166,-74.0431174635887,2535.0,3187.0,2018-12
3187,40.721123600000006,-74.03805095,413.0,462.0,2018-12
3191,40.71821129999999,-74.08363940000001,56.0,70.0,2018-12
3192,40.711242299999995,-74.0557013,332.0,366.0,2018-12
3193,40.7246050998869,-74.07840594649316,145.0,175.0,2018-12
3194,40.7253399253558,-74.06762212514876,357.0,307.0,2018-12
3195,40.730742625306576,-74.06378388404845,1199.0,1139.0,2018-12
3196,40.7443187,-74.04399090000001,82.0,74.0,2018-12
3198,40.748715945380226,-74.04044330120088,133.0,127.0,2018-12
3199,40.728744799999994,-74.03210820000001,454.0,454.0,2018-12
3201,40.737711,-74.066921,46.0,82.0,2018-12
3202,40.7272235,-74.03375890000001,775.0,772.0,2018-12
3203,40.727595965999996,-74.044247311,1185.0,1025.0,2018-12
3205,40.71653978099194,-74.0496379137039,305.0,282.0,2018-12
3206,40.7311689,-74.0575736,141.0,108.0,2018-12
3207,40.7376037,-74.05247829999999,315.0,179.0,2018-12
3209,40.7241765,-74.05065640000001,480.0,405.0,2018-12
3210,40.742677141,-74.051788633,338.0,298.0,2018-12
3211,40.72152515,-74.046304543,516.0,606.0,2018-12
3212,40.734785818,-74.050443636,102.0,91.0,2018-12
3213,40.71848892,-74.047726625,480.0,404.0,2018-12
3214,40.712774200000005,-74.03648570000001,319.0,331.0,2018-12
3220,40.73496102000952,-74.05950307846071,116.0,93.0,2018-12
3225,40.7236589,-74.0641943,259.0,235.0,2018-12
3267,40.7124188237569,-74.03852552175522,485.0,445.0,2018-12
3268,40.71346382669195,-74.06285852193831,111.0,105.0,2018-12
3269,40.726011729646245,-74.0503889322281,547.0,435.0,2018-12
3270,40.72528910781132,-74.04557168483734,513.0,366.0,2018-12
3272,40.723331586464354,-74.04595255851744,464.0,411.0,2018-12
3273,40.72165072487999,-74.04288411140442,330.0,448.0,2018-12
3275,40.71835519823214,-74.03891444206238,408.0,426.0,2018-12
3276,40.71458403535893,-74.04281705617905,541.0,489.0,2018-12
3277,40.71435836870427,-74.06661093235016,77.0,65.0,2018-12
3278,40.72568548362901,-74.0487903356552,435.0,414.0,2018-12
3279,40.72163014263835,-74.04996782541275,398.0,346.0,2018-12
3280,40.71928220070703,-74.07126188278198,224.0,223.0,2018-12
3281,40.74590996631558,-74.05727148056029,158.0,139.0,2018-12
3426,40.70965083364061,-74.0686011314392,4.0,7.0,2018-12
3481,40.71649,-74.04105,202.0,192.0,2018-12
3483,40.71942,-74.05099,263.0,235.0,2018-12
3638,40.7242941,-74.0354826,383.0,412.0,2018-12
3639,40.71925170000001,-74.034234,688.0,701.0,2018-12
3640,40.733670000000004,-74.0625,423.0,381.0,2018-12
3677,40.72755146730012,-74.07106071710588,69.0,39.0,2018-12
3678,40.72572613742557,-74.07195925712584,177.0,126.0,2018-12
3679,40.72210378668603,-74.07145500183104,145.0,123.0,2018-12
3681,40.71517767732029,-74.03768330812454,285.0,276.0,2018-12
3694,40.71113,-74.0789,52.0,44.0,2018-12
254,40.73532427,-73.99800419,0.0,1.0,2018-12
304,40.70463334,-74.01361706,0.0,1.0,2018-12
459,40.746745000000004,-74.007756,0.0,1.0,2018-12
482,40.73935542,-73.99931783,0.0,2.0,2018-12
3002,40.711512,-74.01575600000001,0.0,2.0,2018-12
